train_loss,epoch,step,val_loss,val_accuracy,test_loss,test_accuracy
1.319069266319275,0,0,,,,
,0,0,1.2728362083435059,0.2199999988079071,,
1.316663384437561,1,1,,,,
,1,1,1.270485520362854,0.2199999988079071,,
1.31428861618042,2,2,,,,
,2,2,1.2681671380996704,0.2199999988079071,,
1.3119453191757202,3,3,,,,
,3,3,1.2658816576004028,0.2199999988079071,,
1.3096333742141724,4,4,,,,
,4,4,1.2636289596557617,0.2199999988079071,,
1.3073530197143555,5,5,,,,
,5,5,1.2614092826843262,0.2199999988079071,,
1.3051037788391113,6,6,,,,
,6,6,1.259222149848938,0.2199999988079071,,
1.302885890007019,7,7,,,,
,7,7,1.2570674419403076,0.20999999344348907,,
1.3006985187530518,8,8,,,,
,8,8,1.254944920539856,0.20999999344348907,,
1.2985410690307617,9,9,,,,
,9,9,1.252853512763977,0.20999999344348907,,
1.2964133024215698,10,10,,,,
,10,10,1.2507933378219604,0.20999999344348907,,
1.2943135499954224,11,11,,,,
,11,11,1.248763084411621,0.2199999988079071,,
1.2922415733337402,12,12,,,,
,12,12,1.2467619180679321,0.2199999988079071,,
1.2901958227157593,13,13,,,,
,13,13,1.2447887659072876,0.2199999988079071,,
1.2881752252578735,14,14,,,,
,14,14,1.242842435836792,0.20000000298023224,,
1.286178469657898,15,15,,,,
,15,15,1.2409217357635498,0.20000000298023224,,
1.284204125404358,16,16,,,,
,16,16,1.2390252351760864,0.20000000298023224,,
1.2822506427764893,17,17,,,,
,17,17,1.2371517419815063,0.20000000298023224,,
1.2803164720535278,18,18,,,,
,18,18,1.2352993488311768,0.20000000298023224,,
1.278400182723999,19,19,,,,
,19,19,1.2334671020507812,0.20000000298023224,,
1.2764999866485596,20,20,,,,
,20,20,1.231653094291687,0.20000000298023224,,
1.2746142148971558,21,21,,,,
,21,21,1.2298555374145508,0.20000000298023224,,
1.2727411985397339,22,22,,,,
,22,22,1.2280731201171875,0.20000000298023224,,
1.2708790302276611,23,23,,,,
,23,23,1.226304292678833,0.20000000298023224,,
1.269026279449463,24,24,,,,
,24,24,1.2245471477508545,0.20000000298023224,,
1.2671815156936646,25,25,,,,
,25,25,1.2228007316589355,0.20000000298023224,,
1.2653425931930542,26,26,,,,
,26,26,1.2210625410079956,0.20000000298023224,,
1.2635083198547363,27,27,,,,
,27,27,1.2193320989608765,0.20000000298023224,,
1.2616771459579468,28,28,,,,
,28,28,1.2176074981689453,0.20000000298023224,,
1.2598475217819214,29,29,,,,
,29,29,1.2158875465393066,0.20000000298023224,,
1.2580186128616333,30,30,,,,
,30,30,1.2141706943511963,0.20000000298023224,,
1.256188988685608,31,31,,,,
,31,31,1.2124561071395874,0.20000000298023224,,
1.2543573379516602,32,32,,,,
,32,32,1.2107425928115845,0.20000000298023224,,
1.2525224685668945,33,33,,,,
,33,33,1.2090288400650024,0.20000000298023224,,
1.2506837844848633,34,34,,,,
,34,34,1.2073142528533936,0.20000000298023224,,
1.24884033203125,35,35,,,,
,35,35,1.2055974006652832,0.20000000298023224,,
1.2469916343688965,36,36,,,,
,36,36,1.2038782835006714,0.20000000298023224,,
1.2451361417770386,37,37,,,,
,37,37,1.202155351638794,0.20000000298023224,,
1.2432739734649658,38,38,,,,
,38,38,1.200427770614624,0.20000000298023224,,
1.241404414176941,39,39,,,,
,39,39,1.198695421218872,0.20000000298023224,,
1.2395267486572266,40,40,,,,
,40,40,1.1969575881958008,0.20000000298023224,,
1.2376408576965332,41,41,,,,
,41,41,1.1952134370803833,0.20000000298023224,,
1.235745906829834,42,42,,,,
,42,42,1.1934622526168823,0.20000000298023224,,
1.233841896057129,43,43,,,,
,43,43,1.1917040348052979,0.20000000298023224,,
1.2319282293319702,44,44,,,,
,44,44,1.189937710762024,0.20000000298023224,,
1.2300045490264893,45,45,,,,
,45,45,1.1881632804870605,0.20000000298023224,,
1.228070855140686,46,46,,,,
,46,46,1.1863799095153809,0.20000000298023224,,
1.2261269092559814,47,47,,,,
,47,47,1.1845871210098267,0.20000000298023224,,
1.224171757698059,48,48,,,,
,48,48,1.1827846765518188,0.20000000298023224,,
1.2222057580947876,49,49,,,,
,49,49,1.1809717416763306,0.20000000298023224,,
1.2202284336090088,50,50,,,,
,50,50,1.1791483163833618,0.20000000298023224,,
1.2182393074035645,51,51,,,,
,51,51,1.1773136854171753,0.20000000298023224,,
1.2162383794784546,52,52,,,,
,52,52,1.1754672527313232,0.20000000298023224,,
1.2142252922058105,53,53,,,,
,53,53,1.1736090183258057,0.20000000298023224,,
1.2121996879577637,54,54,,,,
,54,54,1.1717382669448853,0.20000000298023224,,
1.2101612091064453,55,55,,,,
,55,55,1.1698544025421143,0.20000000298023224,,
1.2081096172332764,56,56,,,,
,56,56,1.1679571866989136,0.20000000298023224,,
1.2060446739196777,57,57,,,,
,57,57,1.1660465002059937,0.20000000298023224,,
1.2039660215377808,58,58,,,,
,58,58,1.1641217470169067,0.20000000298023224,,
1.2018734216690063,59,59,,,,
,59,59,1.162182331085205,0.20000000298023224,,
1.1997665166854858,60,60,,,,
,60,60,1.1602281332015991,0.20000000298023224,,
1.1976450681686401,61,61,,,,
,61,61,1.1582587957382202,0.20000000298023224,,
1.195508599281311,62,62,,,,
,62,62,1.1562740802764893,0.20000000298023224,,
1.1933574676513672,63,63,,,,
,63,63,1.1542738676071167,0.20000000298023224,,
1.1911906003952026,64,64,,,,
,64,64,1.1522575616836548,0.20000000298023224,,
1.189008355140686,65,65,,,,
,65,65,1.150225043296814,0.20000000298023224,,
1.1868103742599487,66,66,,,,
,66,66,1.1481763124465942,0.20000000298023224,,
1.1845964193344116,67,67,,,,
,67,67,1.146111249923706,0.20000000298023224,,
1.1823663711547852,68,68,,,,
,68,68,1.1440294981002808,0.20000000298023224,,
1.1801199913024902,69,69,,,,
,69,69,1.1419308185577393,0.20000000298023224,,
1.1778573989868164,70,70,,,,
,70,70,1.1398158073425293,0.20000000298023224,,
1.1755781173706055,71,71,,,,
,71,71,1.137683629989624,0.20000000298023224,,
1.1732821464538574,72,72,,,,
,72,72,1.135534644126892,0.20000000298023224,,
1.1709694862365723,73,73,,,,
,73,73,1.1333688497543335,0.20000000298023224,,
1.1686400175094604,74,74,,,,
,74,74,1.1311861276626587,0.20000000298023224,,
1.166293978691101,75,75,,,,
,75,75,1.1289867162704468,0.20000000298023224,,
1.1639310121536255,76,76,,,,
,76,76,1.1267704963684082,0.20000000298023224,,
1.1615509986877441,77,77,,,,
,77,77,1.124537706375122,0.20000000298023224,,
1.1591541767120361,78,78,,,,
,78,78,1.122288465499878,0.20000000298023224,,
1.156740665435791,79,79,,,,
,79,79,1.1200226545333862,0.20000000298023224,,
1.1543105840682983,80,80,,,,
,80,80,1.1177406311035156,0.20000000298023224,,
1.1518635749816895,81,81,,,,
,81,81,1.1154426336288452,0.20000000298023224,,
1.149399995803833,82,82,,,,
,82,82,1.1131283044815063,0.20000000298023224,,
1.146920084953308,83,83,,,,
,83,83,1.110798716545105,0.20000000298023224,,
1.144423484802246,84,84,,,,
,84,84,1.1084532737731934,0.20000000298023224,,
1.1419109106063843,85,85,,,,
,85,85,1.1060925722122192,0.20000000298023224,,
1.1393821239471436,86,86,,,,
,86,86,1.1037168502807617,0.20000000298023224,,
1.1368374824523926,87,87,,,,
,87,87,1.1013263463974,0.20000000298023224,,
1.1342768669128418,88,88,,,,
,88,88,1.0989210605621338,0.20000000298023224,,
1.131701111793518,89,89,,,,
,89,89,1.0965014696121216,0.20000000298023224,,
1.1291099786758423,90,90,,,,
,90,90,1.094068169593811,0.20000000298023224,,
1.126503586769104,91,91,,,,
,91,91,1.0916208028793335,0.20000000298023224,,
1.1238826513290405,92,92,,,,
,92,92,1.0891600847244263,0.20000000298023224,,
1.1212469339370728,93,93,,,,
,93,93,1.086686372756958,0.20000000298023224,,
1.1185970306396484,94,94,,,,
,94,94,1.0841997861862183,0.20000000298023224,,
1.1159332990646362,95,95,,,,
,95,95,1.0817010402679443,0.20000000298023224,,
1.1132559776306152,96,96,,,,
,96,96,1.0791901350021362,0.20000000298023224,,
1.1105653047561646,97,97,,,,
,97,97,1.0766677856445312,0.20000000298023224,,
1.1078619956970215,98,98,,,,
,98,98,1.0741339921951294,0.20000000298023224,,
1.105146050453186,99,99,,,,
,99,99,1.071589469909668,0.20000000298023224,,
1.102418065071106,100,100,,,,
,100,100,1.069034457206726,0.20000000298023224,,
1.0996782779693604,101,101,,,,
,101,101,1.0664695501327515,0.20000000298023224,,
1.0969274044036865,102,102,,,,
,102,102,1.0638952255249023,0.20000000298023224,,
1.0941659212112427,103,103,,,,
,103,103,1.0613116025924683,0.20000000298023224,,
1.091394066810608,104,104,,,,
,104,104,1.0587196350097656,0.20000000298023224,,
1.08861243724823,105,105,,,,
,105,105,1.056119441986084,0.20000000298023224,,
1.085821509361267,106,106,,,,
,106,106,1.0535117387771606,0.20000000298023224,,
1.0830217599868774,107,107,,,,
,107,107,1.0508968830108643,0.20000000298023224,,
1.080214023590088,108,108,,,,
,108,108,1.0482754707336426,0.20000000298023224,,
1.077398419380188,109,109,,,,
,109,109,1.045648217201233,0.20000000298023224,,
1.0745759010314941,110,110,,,,
,110,110,1.0430152416229248,0.20000000298023224,,
1.071746826171875,111,111,,,,
,111,111,1.0403774976730347,0.20000000298023224,,
1.0689117908477783,112,112,,,,
,112,112,1.0377353429794312,0.20000000298023224,,
1.0660713911056519,113,113,,,,
,113,113,1.035089373588562,0.20000000298023224,,
1.063226342201233,114,114,,,,
,114,114,1.0324400663375854,0.20000000298023224,,
1.0603771209716797,115,115,,,,
,115,115,1.0297880172729492,0.20000000298023224,,
1.0575246810913086,116,116,,,,
,116,116,1.0271340608596802,0.20000000298023224,,
1.0546691417694092,117,117,,,,
,117,117,1.024478554725647,0.20000000298023224,,
1.0518113374710083,118,118,,,,
,118,118,1.0218220949172974,0.20000000298023224,,
1.0489522218704224,119,119,,,,
,119,119,1.0191653966903687,0.20000000298023224,,
1.0460920333862305,120,120,,,,
,120,120,1.0165088176727295,0.1899999976158142,,
1.04323148727417,121,121,,,,
,121,121,1.0138534307479858,0.1899999976158142,,
1.0403714179992676,122,122,,,,
,122,122,1.0111989974975586,0.1899999976158142,,
1.037512183189392,123,123,,,,
,123,123,1.0085469484329224,0.1899999976158142,,
1.0346547365188599,124,124,,,,
,124,124,1.0058975219726562,0.1899999976158142,,
1.0317994356155396,125,125,,,,
,125,125,1.0032511949539185,0.1899999976158142,,
1.028947114944458,126,126,,,,
,126,126,1.0006088018417358,0.1899999976158142,,
1.026098370552063,127,127,,,,
,127,127,0.9979705214500427,0.1899999976158142,,
1.0232539176940918,128,128,,,,
,128,128,0.9953373670578003,0.1899999976158142,,
1.020413875579834,129,129,,,,
,129,129,0.9927096366882324,0.1899999976158142,,
1.0175795555114746,130,130,,,,
,130,130,0.9900882244110107,0.1899999976158142,,
1.0147510766983032,131,131,,,,
,131,131,0.9874731302261353,0.1899999976158142,,
1.0119292736053467,132,132,,,,
,132,132,0.9848651885986328,0.1899999976158142,,
1.0091147422790527,133,133,,,,
,133,133,0.9822651147842407,0.1899999976158142,,
1.006307601928711,134,134,,,,
,134,134,0.9796731472015381,0.1899999976158142,,
1.0035090446472168,135,135,,,,
,135,135,0.9770898222923279,0.1899999976158142,,
1.0007193088531494,136,136,,,,
,136,136,0.9745156764984131,0.1899999976158142,,
0.9979390501976013,137,137,,,,
,137,137,0.971951425075531,0.1899999976158142,,
0.9951686263084412,138,138,,,,
,138,138,0.9693971276283264,0.1899999976158142,,
0.9924085736274719,139,139,,,,
,139,139,0.9668533802032471,0.1899999976158142,,
0.9896597266197205,140,140,,,,
,140,140,0.964320957660675,0.1899999976158142,,
0.9869223237037659,141,141,,,,
,141,141,0.9617998600006104,0.1899999976158142,,
0.9841965436935425,142,142,,,,
,142,142,0.9592907428741455,0.1899999976158142,,
0.9814832806587219,143,143,,,,
,143,143,0.9567939043045044,0.1899999976158142,,
0.9787828922271729,144,144,,,,
,144,144,0.9543099403381348,0.1899999976158142,,
0.9760957956314087,145,145,,,,
,145,145,0.9518389105796814,0.1899999976158142,,
0.9734222888946533,146,146,,,,
,146,146,0.9493813514709473,0.1899999976158142,,
0.9707627892494202,147,147,,,,
,147,147,0.9469377994537354,0.1899999976158142,,
0.9681178331375122,148,148,,,,
,148,148,0.9445083141326904,0.1899999976158142,,
0.9654877185821533,149,149,,,,
,149,149,0.9420932531356812,0.1899999976158142,,
0.9628728628158569,150,150,,,,
,150,150,0.9396930932998657,0.1899999976158142,,
0.9602735042572021,151,151,,,,
,151,151,0.9373080730438232,0.1899999976158142,,
0.9576900005340576,152,152,,,,
,152,152,0.9349381923675537,0.1899999976158142,,
0.955122709274292,153,153,,,,
,153,153,0.9325840473175049,0.1899999976158142,,
0.9525718688964844,154,154,,,,
,154,154,0.9302459955215454,0.1899999976158142,,
0.9500377178192139,155,155,,,,
,155,155,0.9279239773750305,0.1899999976158142,,
0.9475206732749939,156,156,,,,
,156,156,0.9256182909011841,0.1899999976158142,,
0.9450209140777588,157,157,,,,
,157,157,0.9233291745185852,0.1899999976158142,,
0.9425386786460876,158,158,,,,
,158,158,0.9210569262504578,0.1899999976158142,,
0.9400742053985596,159,159,,,,
,159,159,0.9188016653060913,0.1899999976158142,,
0.9376278519630432,160,160,,,,
,160,160,0.9165633320808411,0.1899999976158142,,
0.9351993799209595,161,161,,,,
,161,161,0.9143425226211548,0.1899999976158142,,
0.9327894449234009,162,162,,,,
,162,162,0.9121391773223877,0.1899999976158142,,
0.9303982257843018,163,163,,,,
,163,163,0.9099534749984741,0.1899999976158142,,
0.9280254244804382,164,164,,,,
,164,164,0.9077854156494141,0.1899999976158142,,
0.9256715178489685,165,165,,,,
,165,165,0.9056352972984314,0.1899999976158142,,
0.9233367443084717,166,166,,,,
,166,166,0.9035031795501709,0.1899999976158142,,
0.921021044254303,167,167,,,,
,167,167,0.9013890027999878,0.1899999976158142,,
0.918724536895752,168,168,,,,
,168,168,0.8992931246757507,0.1899999976158142,,
0.9164472818374634,169,169,,,,
,169,169,0.8972154855728149,0.1899999976158142,,
0.9141895771026611,170,170,,,,
,170,170,0.8951557874679565,0.1899999976158142,,
0.9119513630867004,171,171,,,,
,171,171,0.8931148052215576,0.1899999976158142,,
0.9097326397895813,172,172,,,,
,172,172,0.8910922408103943,0.1899999976158142,,
0.907533586025238,173,173,,,,
,173,173,0.8890879154205322,0.1899999976158142,,
0.9053542613983154,174,174,,,,
,174,174,0.8871020674705505,0.1899999976158142,,
0.9031944274902344,175,175,,,,
,175,175,0.8851345777511597,0.1899999976158142,,
0.9010544419288635,176,176,,,,
,176,176,0.883185863494873,0.1899999976158142,,
0.8989342451095581,177,177,,,,
,177,177,0.8812555074691772,0.1899999976158142,,
0.8968337178230286,178,178,,,,
,178,178,0.8793437480926514,0.1899999976158142,,
0.894753098487854,179,179,,,,
,179,179,0.8774502277374268,0.1899999976158142,,
0.8926920294761658,180,180,,,,
,180,180,0.8755753040313721,0.1899999976158142,,
0.8906508684158325,181,181,,,,
,181,181,0.8737187385559082,0.1899999976158142,,
0.8886293172836304,182,182,,,,
,182,182,0.8718805909156799,0.1899999976158142,,
0.8866274356842041,183,183,,,,
,183,183,0.8700605630874634,0.1899999976158142,,
0.8846451640129089,184,184,,,,
,184,184,0.8682591319084167,0.1899999976158142,,
0.8826824426651001,185,185,,,,
,185,185,0.8664759993553162,0.1899999976158142,,
0.880739152431488,186,186,,,,
,186,186,0.8647107481956482,0.1899999976158142,,
0.8788154125213623,187,187,,,,
,187,187,0.8629637956619263,0.1899999976158142,,
0.8769111037254333,188,188,,,,
,188,188,0.8612346649169922,0.1899999976158142,,
0.8750259280204773,189,189,,,,
,189,189,0.8595237135887146,0.1899999976158142,,
0.873160183429718,190,190,,,,
,190,190,0.8578304052352905,0.1899999976158142,,
0.8713134527206421,191,191,,,,
,191,191,0.8561550974845886,0.1899999976158142,,
0.8694857954978943,192,192,,,,
,192,192,0.8544973731040955,0.1899999976158142,,
0.8676769733428955,193,193,,,,
,193,193,0.8528571128845215,0.1899999976158142,,
0.8658870458602905,194,194,,,,
,194,194,0.851234495639801,0.1899999976158142,,
0.864115834236145,195,195,,,,
,195,195,0.8496293425559998,0.1899999976158142,,
0.8623632192611694,196,196,,,,
,196,196,0.8480413556098938,0.1899999976158142,,
0.860629141330719,197,197,,,,
,197,197,0.8464704155921936,0.1899999976158142,,
0.8589134812355042,198,198,,,,
,198,198,0.8449167609214783,0.1899999976158142,,
0.857215940952301,199,199,,,,
,199,199,0.8433797955513,0.1899999976158142,,
0.855536699295044,200,200,,,,
,200,200,0.841859757900238,0.1899999976158142,,
0.8538753986358643,201,201,,,,
,201,201,0.8403562903404236,0.1899999976158142,,
0.8522318005561829,202,202,,,,
,202,202,0.8388686180114746,0.1899999976158142,,
0.8506060838699341,203,203,,,,
,203,203,0.8373974561691284,0.1899999976158142,,
0.848997950553894,204,204,,,,
,204,204,0.8359423875808716,0.1899999976158142,,
0.8474072813987732,205,205,,,,
,205,205,0.8345035314559937,0.1899999976158142,,
0.8458337187767029,206,206,,,,
,206,206,0.8330807685852051,0.1899999976158142,,
0.8442775011062622,207,207,,,,
,207,207,0.8316735029220581,0.1899999976158142,,
0.8427371978759766,208,208,,,,
,208,208,0.8302822113037109,0.1899999976158142,,
0.8412138223648071,209,209,,,,
,209,209,0.8289062976837158,0.1899999976158142,,
0.8397071957588196,210,210,,,,
,210,210,0.8275460004806519,0.1899999976158142,,
0.83821702003479,211,211,,,,
,211,211,0.8262010216712952,0.1899999976158142,,
0.8367431163787842,212,212,,,,
,212,212,0.8248710632324219,0.1899999976158142,,
0.835285484790802,213,213,,,,
,213,213,0.823556125164032,0.1899999976158142,,
0.833844006061554,214,214,,,,
,214,214,0.8222740292549133,0.1899999976158142,,
0.8324184417724609,215,215,,,,
,215,215,0.8209722638130188,0.1899999976158142,,
0.8310287594795227,216,216,,,,
,216,216,0.8197004795074463,0.1899999976158142,,
0.8296360969543457,217,217,,,,
,217,217,0.8184651136398315,0.1899999976158142,,
0.8282589912414551,218,218,,,,
,218,218,0.8172027468681335,0.1899999976158142,,
0.8268972635269165,219,219,,,,
,219,219,0.8159977197647095,0.1899999976158142,,
0.8255504369735718,220,220,,,,
,220,220,0.8147860765457153,0.1899999976158142,,
0.824219286441803,221,221,,,,
,221,221,0.8135865926742554,0.1899999976158142,,
0.8229026794433594,222,222,,,,
,222,222,0.8123766183853149,0.1899999976158142,,
0.8216005563735962,223,223,,,,
,223,223,0.811231255531311,0.1899999976158142,,
0.8203117847442627,224,224,,,,
,224,224,0.8100711703300476,0.1899999976158142,,
0.8190391063690186,225,225,,,,
,225,225,0.8089271783828735,0.1899999976158142,,
0.8177800178527832,226,226,,,,
,226,226,0.8077965378761292,0.1899999976158142,,
0.8165357708930969,227,227,,,,
,227,227,0.8066766858100891,0.1899999976158142,,
0.8153039813041687,228,228,,,,
,228,228,0.8055720329284668,0.1899999976158142,,
0.8140868544578552,229,229,,,,
,229,229,0.8044782280921936,0.1899999976158142,,
0.8128833770751953,230,230,,,,
,230,230,0.803398847579956,0.1899999976158142,,
0.8116940259933472,231,231,,,,
,231,231,0.8023303747177124,0.1899999976158142,,
0.8105169534683228,232,232,,,,
,232,232,0.8012743592262268,0.1899999976158142,,
0.809352695941925,233,233,,,,
,233,233,0.8002310395240784,0.1899999976158142,,
0.8082029819488525,234,234,,,,
,234,234,0.7991995811462402,0.1899999976158142,,
0.8070651888847351,235,235,,,,
,235,235,0.7981798052787781,0.1899999976158142,,
0.8059398531913757,236,236,,,,
,236,236,0.7971717119216919,0.18000000715255737,,
0.8048272728919983,237,237,,,,
,237,237,0.7961745262145996,0.18000000715255737,,
0.8037269711494446,238,238,,,,
,238,238,0.7951900959014893,0.18000000715255737,,
0.8026395440101624,239,239,,,,
,239,239,0.7942158579826355,0.18000000715255737,,
0.8015637993812561,240,240,,,,
,240,240,0.7932530045509338,0.18000000715255737,,
0.8004999756813049,241,241,,,,
,241,241,0.7923014163970947,0.18000000715255737,,
0.7994479537010193,242,242,,,,
,242,242,0.7913605570793152,0.18000000715255737,,
0.7984076738357544,243,243,,,,
,243,243,0.7904304265975952,0.18000000715255737,,
0.7973790168762207,244,244,,,,
,244,244,0.78951096534729,0.18000000715255737,,
0.7963617444038391,245,245,,,,
,245,245,0.7886019349098206,0.18000000715255737,,
0.7953344583511353,246,246,,,,
,246,246,0.7876921892166138,0.18000000715255737,,
0.7943605780601501,247,247,,,,
,247,247,0.7868144512176514,0.18000000715255737,,
0.7933768630027771,248,248,,,,
,248,248,0.7859358191490173,0.18000000715255737,,
0.7924035787582397,249,249,,,,
,249,249,0.7850677967071533,0.18000000715255737,,
0.7914407253265381,250,250,,,,
,250,250,0.7842088937759399,0.18000000715255737,,
0.7904887199401855,251,251,,,,
,251,251,0.7833594679832458,0.18000000715255737,,
0.7895472645759583,252,252,,,,
,252,252,0.782520055770874,0.18000000715255737,,
0.7886164784431458,253,253,,,,
,253,253,0.7816824913024902,0.18000000715255737,,
0.7876951694488525,254,254,,,,
,254,254,0.7808624505996704,0.18000000715255737,,
0.786783754825592,255,255,,,,
,255,255,0.7800583839416504,0.18000000715255737,,
0.7858824133872986,256,256,,,,
,256,256,0.7792555093765259,0.18000000715255737,,
0.7849912047386169,257,257,,,,
,257,257,0.7784619927406311,0.18000000715255737,,
0.7841100096702576,258,258,,,,
,258,258,0.777672529220581,0.17000000178813934,,
0.7832371592521667,259,259,,,,
,259,259,0.7768968939781189,0.17000000178813934,,
0.7823740243911743,260,260,,,,
,260,260,0.7761350274085999,0.1599999964237213,,
0.7815189957618713,261,261,,,,
,261,261,0.7753719091415405,0.1599999964237213,,
0.7806746959686279,262,262,,,,
,262,262,0.7746255993843079,0.1599999964237213,,
0.779839277267456,263,263,,,,
,263,263,0.7738832235336304,0.1599999964237213,,
0.7790138125419617,264,264,,,,
,264,264,0.7731494903564453,0.1599999964237213,,
0.7781952023506165,265,265,,,,
,265,265,0.7724242210388184,0.1599999964237213,,
0.7773865461349487,266,266,,,,
,266,266,0.7717069983482361,0.1599999964237213,,
0.7765852212905884,267,267,,,,
,267,267,0.7709953784942627,0.1599999964237213,,
0.7757937908172607,268,268,,,,
,268,268,0.7702927589416504,0.1599999964237213,,
0.7750097513198853,269,269,,,,
,269,269,0.7695983648300171,0.1599999964237213,,
0.7742329239845276,270,270,,,,
,270,270,0.7689115405082703,0.1599999964237213,,
0.7734649181365967,271,271,,,,
,271,271,0.7682310342788696,0.1599999964237213,,
0.7727042436599731,272,272,,,,
,272,272,0.7675602436065674,0.1599999964237213,,
0.7719540596008301,273,273,,,,
,273,273,0.7668949365615845,0.1599999964237213,,
0.7712085843086243,274,274,,,,
,274,274,0.7662359476089478,0.1599999964237213,,
0.7704731822013855,275,275,,,,
,275,275,0.7655841708183289,0.1599999964237213,,
0.7697433233261108,276,276,,,,
,276,276,0.7649407982826233,0.1599999964237213,,
0.7690224647521973,277,277,,,,
,277,277,0.7643063068389893,0.15000000596046448,,
0.768308162689209,278,278,,,,
,278,278,0.7636722326278687,0.15000000596046448,,
0.7676002979278564,279,279,,,,
,279,279,0.7630482316017151,0.15000000596046448,,
0.7669004797935486,280,280,,,,
,280,280,0.762431800365448,0.15000000596046448,,
0.7662075757980347,281,281,,,,
,281,281,0.7618205547332764,0.15000000596046448,,
0.7655242681503296,282,282,,,,
,282,282,0.761216938495636,0.15000000596046448,,
0.7648451924324036,283,283,,,,
,283,283,0.7606226205825806,0.15000000596046448,,
0.7641729116439819,284,284,,,,
,284,284,0.7600275278091431,0.1599999964237213,,
0.7635073661804199,285,285,,,,
,285,285,0.759440004825592,0.1599999964237213,,
0.7628487348556519,286,286,,,,
,286,286,0.7588602304458618,0.1599999964237213,,
0.7621950507164001,287,287,,,,
,287,287,0.7582861185073853,0.1599999964237213,,
0.7615479826927185,288,288,,,,
,288,288,0.7577235698699951,0.1599999964237213,,
0.7609095573425293,289,289,,,,
,289,289,0.7571614980697632,0.1599999964237213,,
0.7602764368057251,290,290,,,,
,290,290,0.7566002011299133,0.1599999964237213,,
0.7596480846405029,291,291,,,,
,291,291,0.7560539841651917,0.1599999964237213,,
0.7590285539627075,292,292,,,,
,292,292,0.7555029988288879,0.1599999964237213,,
0.75841224193573,293,293,,,,
,293,293,0.7549684643745422,0.1599999964237213,,
0.7578022480010986,294,294,,,,
,294,294,0.7544283866882324,0.1599999964237213,,
0.7571994066238403,295,295,,,,
,295,295,0.7538996338844299,0.1599999964237213,,
0.7566007375717163,296,296,,,,
,296,296,0.7533760666847229,0.1599999964237213,,
0.7560088634490967,297,297,,,,
,297,297,0.7528612613677979,0.1599999964237213,,
0.7554211616516113,298,298,,,,
,298,298,0.7523432374000549,0.1599999964237213,,
0.7548394799232483,299,299,,,,
,299,299,0.7518341541290283,0.1599999964237213,,
0.7542639374732971,300,300,,,,
,300,300,0.7513343095779419,0.1599999964237213,,
0.7536934018135071,301,301,,,,
,301,301,0.7508323788642883,0.1599999964237213,,
0.7531276941299438,302,302,,,,
,302,302,0.7503404021263123,0.1599999964237213,,
0.7525672912597656,303,303,,,,
,303,303,0.7498506307601929,0.1599999964237213,,
0.7520122528076172,304,304,,,,
,304,304,0.7493655681610107,0.1599999964237213,,
0.7514616250991821,305,305,,,,
,305,305,0.748884916305542,0.17000000178813934,,
0.7509165406227112,306,306,,,,
,306,306,0.7484089732170105,0.18000000715255737,,
0.7503763437271118,307,307,,,,
,307,307,0.7479376792907715,0.1899999976158142,,
0.7498409152030945,308,308,,,,
,308,308,0.747471034526825,0.1899999976158142,,
0.7493098378181458,309,309,,,,
,309,309,0.7470076084136963,0.1899999976158142,,
0.7487837076187134,310,310,,,,
,310,310,0.7465490698814392,0.1899999976158142,,
0.7482624650001526,311,311,,,,
,311,311,0.7460949420928955,0.18000000715255737,,
0.7477455735206604,312,312,,,,
,312,312,0.7456449270248413,0.18000000715255737,,
0.7472326755523682,313,313,,,,
,313,313,0.7452025413513184,0.18000000715255737,,
0.7467259764671326,314,314,,,,
,314,314,0.7447612881660461,0.18000000715255737,,
0.7462209463119507,315,315,,,,
,315,315,0.7443239092826843,0.18000000715255737,,
0.7457213401794434,316,316,,,,
,316,316,0.7438861131668091,0.18000000715255737,,
0.7452260851860046,317,317,,,,
,317,317,0.7434612512588501,0.18000000715255737,,
0.7447351217269897,318,318,,,,
,318,318,0.7430305480957031,0.18000000715255737,,
0.7442479729652405,319,319,,,,
,319,319,0.7426085472106934,0.18000000715255737,,
0.7437652349472046,320,320,,,,
,320,320,0.7421903014183044,0.18000000715255737,,
0.7432859539985657,321,321,,,,
,321,321,0.7417822480201721,0.1899999976158142,,
0.7428112626075745,322,322,,,,
,322,322,0.7413651943206787,0.20000000298023224,,
0.7423403263092041,323,323,,,,
,323,323,0.7409648895263672,0.20000000298023224,,
0.7418732643127441,324,324,,,,
,324,324,0.7405545711517334,0.20000000298023224,,
0.7414101362228394,325,325,,,,
,325,325,0.7401545643806458,0.20000000298023224,,
0.7409504055976868,326,326,,,,
,326,326,0.7397582530975342,0.20000000298023224,,
0.7404943704605103,327,327,,,,
,327,327,0.7393651008605957,0.18000000715255737,,
0.7400423288345337,328,328,,,,
,328,328,0.7389755845069885,0.18000000715255737,,
0.7395938634872437,329,329,,,,
,329,329,0.7385894656181335,0.17000000178813934,,
0.7391486167907715,330,330,,,,
,330,330,0.7382066249847412,0.17000000178813934,,
0.7387022376060486,331,331,,,,
,331,331,0.7378270626068115,0.17000000178813934,,
0.738269567489624,332,332,,,,
,332,332,0.7374507188796997,0.17000000178813934,,
0.7378354072570801,333,333,,,,
,333,333,0.7370778918266296,0.17000000178813934,,
0.7374041676521301,334,334,,,,
,334,334,0.736707866191864,0.17000000178813934,,
0.7369763255119324,335,335,,,,
,335,335,0.7363408803939819,0.17000000178813934,,
0.7365515828132629,336,336,,,,
,336,336,0.7359772324562073,0.17000000178813934,,
0.7361307740211487,337,337,,,,
,337,337,0.7356166243553162,0.1599999964237213,,
0.7357131838798523,338,338,,,,
,338,338,0.735258936882019,0.1599999964237213,,
0.735298216342926,339,339,,,,
,339,339,0.7349040508270264,0.1599999964237213,,
0.7348867654800415,340,340,,,,
,340,340,0.7345522046089172,0.17000000178813934,,
0.7344776391983032,341,341,,,,
,341,341,0.7342033386230469,0.17000000178813934,,
0.7340724468231201,342,342,,,,
,342,342,0.7338573336601257,0.1599999964237213,,
0.7336702942848206,343,343,,,,
,343,343,0.7335140705108643,0.1599999964237213,,
0.7332708835601807,344,344,,,,
,344,344,0.7331735491752625,0.1599999964237213,,
0.7328736186027527,345,345,,,,
,345,345,0.7328358292579651,0.1599999964237213,,
0.7324798107147217,346,346,,,,
,346,346,0.7325007915496826,0.1599999964237213,,
0.7320892214775085,347,347,,,,
,347,347,0.7321683764457703,0.1599999964237213,,
0.731701672077179,348,348,,,,
,348,348,0.7318387031555176,0.17000000178813934,,
0.731316089630127,349,349,,,,
,349,349,0.7315115332603455,0.1899999976158142,,
0.7309329509735107,350,350,,,,
,350,350,0.7311870455741882,0.1899999976158142,,
0.730553388595581,351,351,,,,
,351,351,0.7308648824691772,0.1899999976158142,,
0.7301762104034424,352,352,,,,
,352,352,0.7305453419685364,0.1899999976158142,,
0.7297897338867188,353,353,,,,
,353,353,0.7302282452583313,0.1899999976158142,,
0.729417622089386,354,354,,,,
,354,354,0.7299137115478516,0.1899999976158142,,
0.7290611863136292,355,355,,,,
,355,355,0.7296014428138733,0.1899999976158142,,
0.7286939024925232,356,356,,,,
,356,356,0.729305624961853,0.1899999976158142,,
0.7283297181129456,357,357,,,,
,357,357,0.7289841175079346,0.1899999976158142,,
0.7279682159423828,358,358,,,,
,358,358,0.7286788821220398,0.1899999976158142,,
0.7276085615158081,359,359,,,,
,359,359,0.7283757925033569,0.1899999976158142,,
0.7272512316703796,360,360,,,,
,360,360,0.7280752658843994,0.18000000715255737,,
0.7268967628479004,361,361,,,,
,361,361,0.7277767062187195,0.18000000715255737,,
0.7265444397926331,362,362,,,,
,362,362,0.7274804711341858,0.1899999976158142,,
0.7261940240859985,363,363,,,,
,363,363,0.7271862626075745,0.20000000298023224,,
0.7258464097976685,364,364,,,,
,364,364,0.7269093990325928,0.20999999344348907,,
0.7255007028579712,365,365,,,,
,365,365,0.7266044616699219,0.2199999988079071,,
0.7251570820808411,366,366,,,,
,366,366,0.7263166904449463,0.2199999988079071,,
0.7248161435127258,367,367,,,,
,367,367,0.7260308861732483,0.2199999988079071,,
0.7244772911071777,368,368,,,,
,368,368,0.7257471680641174,0.23000000417232513,,
0.7241407036781311,369,369,,,,
,369,369,0.7254652380943298,0.23000000417232513,,
0.7238054871559143,370,370,,,,
,370,370,0.7251854538917542,0.23000000417232513,,
0.7234727740287781,371,371,,,,
,371,371,0.724907636642456,0.23000000417232513,,
0.7231419086456299,372,372,,,,
,372,372,0.7246317267417908,0.23999999463558197,,
0.7228131890296936,373,373,,,,
,373,373,0.7243576049804688,0.23999999463558197,,
0.7224861979484558,374,374,,,,
,374,374,0.7240853905677795,0.23999999463558197,,
0.7221611738204956,375,375,,,,
,375,375,0.7238150238990784,0.23999999463558197,,
0.7218384742736816,376,376,,,,
,376,376,0.7235464453697205,0.23999999463558197,,
0.7215172648429871,377,377,,,,
,377,377,0.7232797145843506,0.23999999463558197,,
0.7211979627609253,378,378,,,,
,378,378,0.7230146527290344,0.23000000417232513,,
0.7208808064460754,379,379,,,,
,379,379,0.7227513790130615,0.23000000417232513,,
0.7205652594566345,380,380,,,,
,380,380,0.7224897742271423,0.23000000417232513,,
0.7202512621879578,381,381,,,,
,381,381,0.722230076789856,0.23000000417232513,,
0.719939649105072,382,382,,,,
,382,382,0.7219717502593994,0.23000000417232513,,
0.7196289896965027,383,383,,,,
,383,383,0.7217151522636414,0.23000000417232513,,
0.7193030714988708,384,384,,,,
,384,384,0.7214601635932922,0.23000000417232513,,
0.7190136909484863,385,385,,,,
,385,385,0.7212069630622864,0.23000000417232513,,
0.718708336353302,386,386,,,,
,386,386,0.7209550738334656,0.23000000417232513,,
0.7184044718742371,387,387,,,,
,387,387,0.7207048535346985,0.23000000417232513,,
0.7181026339530945,388,388,,,,
,388,388,0.7204561829566956,0.23000000417232513,,
0.7178018093109131,389,389,,,,
,389,389,0.7202090620994568,0.23000000417232513,,
0.7175033092498779,390,390,,,,
,390,390,0.7199632525444031,0.23000000417232513,,
0.7172059416770935,391,391,,,,
,391,391,0.7197191715240479,0.23000000417232513,,
0.7169101238250732,392,392,,,,
,392,392,0.7194763422012329,0.23000000417232513,,
0.7166157364845276,393,393,,,,
,393,393,0.7192350029945374,0.23000000417232513,,
0.7163230180740356,394,394,,,,
,394,394,0.7189951539039612,0.23000000417232513,,
0.716031551361084,395,395,,,,
,395,395,0.7187564969062805,0.23999999463558197,,
0.7157413959503174,396,396,,,,
,396,396,0.7185192704200745,0.25,,
0.7154529690742493,397,397,,,,
,397,397,0.718283474445343,0.25,,
0.7151656150817871,398,398,,,,
,398,398,0.7180489301681519,0.25999999046325684,,
0.7148797512054443,399,399,,,,
,399,399,0.7178156971931458,0.25999999046325684,,
0.7145953178405762,400,400,,,,
,400,400,0.7175838351249695,0.25999999046325684,,
0.7143121361732483,401,401,,,,
,401,401,0.717353105545044,0.25999999046325684,,
0.714030385017395,402,402,,,,
,402,402,0.717123806476593,0.25,,
0.7137496471405029,403,403,,,,
,403,403,0.7168955206871033,0.25,,
0.7134527564048767,404,404,,,,
,404,404,0.7166685461997986,0.25,,
0.7131922245025635,405,405,,,,
,405,405,0.7164428234100342,0.25,,
0.7129152417182922,406,406,,,,
,406,406,0.7162182331085205,0.23999999463558197,,
0.7126396894454956,407,407,,,,
,407,407,0.7159948945045471,0.23999999463558197,,
0.7123650908470154,408,408,,,,
,408,408,0.7157725691795349,0.23999999463558197,,
0.7120918035507202,409,409,,,,
,409,409,0.7155514359474182,0.23999999463558197,,
0.711819589138031,410,410,,,,
,410,410,0.715331494808197,0.23999999463558197,,
0.7115314602851868,411,411,,,,
,411,411,0.7151123881340027,0.23999999463558197,,
0.7112785577774048,412,412,,,,
,412,412,0.7148944735527039,0.23999999463558197,,
0.711009681224823,413,413,,,,
,413,413,0.7146778106689453,0.23999999463558197,,
0.7107418775558472,414,414,,,,
,414,414,0.7144619822502136,0.23000000417232513,,
0.7104751467704773,415,415,,,,
,415,415,0.7142472267150879,0.23000000417232513,,
0.7102093696594238,416,416,,,,
,416,416,0.7140336036682129,0.23000000417232513,,
0.7099446654319763,417,417,,,,
,417,417,0.7138208150863647,0.23999999463558197,,
0.7096645832061768,418,418,,,,
,418,418,0.7136089205741882,0.23999999463558197,,
0.7094181776046753,419,419,,,,
,419,419,0.7133981585502625,0.23999999463558197,,
0.7091565728187561,420,420,,,,
,420,420,0.7131881713867188,0.23999999463558197,,
0.7088956236839294,421,421,,,,
,421,421,0.712979257106781,0.25,,
0.7086358666419983,422,422,,,,
,422,422,0.7127712965011597,0.25,,
0.7083611488342285,423,423,,,,
,423,423,0.7125641703605652,0.25,,
0.7081189751625061,424,424,,,,
,424,424,0.7123579382896423,0.25,,
0.7078614830970764,425,425,,,,
,425,425,0.7121526598930359,0.25,,
0.7076051831245422,426,426,,,,
,426,426,0.7119480967521667,0.25,,
0.7073498368263245,427,427,,,,
,427,427,0.711744487285614,0.25,,
0.7070952653884888,428,428,,,,
,428,428,0.7115415930747986,0.25,,
0.706841230392456,429,429,,,,
,429,429,0.7113396525382996,0.25,,
0.7065882086753845,430,430,,,,
,430,430,0.7111383676528931,0.27000001072883606,,
0.7063359022140503,431,431,,,,
,431,431,0.7109378576278687,0.27000001072883606,,
0.706084668636322,432,432,,,,
,432,432,0.7107382416725159,0.28999999165534973,,
0.7058337330818176,433,433,,,,
,433,433,0.7105393409729004,0.28999999165534973,,
0.7055838704109192,434,434,,,,
,434,434,0.710341215133667,0.30000001192092896,,
0.7053346037864685,435,435,,,,
,435,435,0.7101436853408813,0.30000001192092896,,
0.7050859332084656,436,436,,,,
,436,436,0.7099469900131226,0.30000001192092896,,
0.7048380970954895,437,437,,,,
,437,437,0.7097509503364563,0.30000001192092896,,
0.7045910358428955,438,438,,,,
,438,438,0.7095556855201721,0.30000001192092896,,
0.7043312191963196,439,439,,,,
,439,439,0.7093608975410461,0.30000001192092896,,
0.7040985822677612,440,440,,,,
,440,440,0.7091671228408813,0.30000001192092896,,
0.7038536071777344,441,441,,,,
,441,441,0.7089736461639404,0.30000001192092896,,
0.7036088705062866,442,442,,,,
,442,442,0.7087810635566711,0.30000001192092896,,
0.7033647894859314,443,443,,,,
,443,443,0.7085890173912048,0.30000001192092896,,
0.703121542930603,444,444,,,,
,444,444,0.7083975076675415,0.30000001192092896,,
0.7028786540031433,445,445,,,,
,445,445,0.7082065343856812,0.3100000023841858,,
0.7026365399360657,446,446,,,,
,446,446,0.7080165147781372,0.3100000023841858,,
0.7023948431015015,447,447,,,,
,447,447,0.7078267931938171,0.3100000023841858,,
0.7021536827087402,448,448,,,,
,448,448,0.7076377272605896,0.3100000023841858,,
0.7019133567810059,449,449,,,,
,449,449,0.707449197769165,0.3100000023841858,,
0.7016729116439819,450,450,,,,
,450,450,0.7072610259056091,0.3100000023841858,,
0.7014334797859192,451,451,,,,
,451,451,0.7070735692977905,0.3100000023841858,,
0.7011945843696594,452,452,,,,
,452,452,0.7068868279457092,0.3100000023841858,,
0.700955867767334,453,453,,,,
,453,453,0.7067002058029175,0.3100000023841858,,
0.7007176280021667,454,454,,,,
,454,454,0.706514298915863,0.3100000023841858,,
0.7004802227020264,455,455,,,,
,455,455,0.7063290476799011,0.3100000023841858,,
0.7002429366111755,456,456,,,,
,456,456,0.7061439752578735,0.3199999928474426,,
0.7000062465667725,457,457,,,,
,457,457,0.7059593796730042,0.3199999928474426,,
0.6997700333595276,458,458,,,,
,458,458,0.7057753801345825,0.3199999928474426,,
0.6995247006416321,459,459,,,,
,459,459,0.7055917382240295,0.3199999928474426,,
0.6992983818054199,460,460,,,,
,460,460,0.7054086327552795,0.3199999928474426,,
0.6990634799003601,461,461,,,,
,461,461,0.7052258253097534,0.3199999928474426,,
0.6988284587860107,462,462,,,,
,462,462,0.7050434947013855,0.3199999928474426,,
0.6985941529273987,463,463,,,,
,463,463,0.7048615217208862,0.3199999928474426,,
0.6983603835105896,464,464,,,,
,464,464,0.7046800851821899,0.3199999928474426,,
0.6981261372566223,465,465,,,,
,465,465,0.704498827457428,0.3199999928474426,,
0.6978927850723267,466,466,,,,
,466,466,0.7043181657791138,0.3199999928474426,,
0.6976600885391235,467,467,,,,
,467,467,0.7041376233100891,0.3199999928474426,,
0.6974194049835205,468,468,,,,
,468,468,0.7039574980735779,0.3199999928474426,,
0.6971945762634277,469,469,,,,
,469,469,0.7037779092788696,0.3199999928474426,,
0.6969552636146545,470,470,,,,
,470,470,0.7035984992980957,0.33000001311302185,,
0.696730375289917,471,471,,,,
,471,471,0.7034194469451904,0.33000001311302185,,
0.6964920163154602,472,472,,,,
,472,472,0.7032406330108643,0.33000001311302185,,
0.6962672472000122,473,473,,,,
,473,473,0.703062117099762,0.3400000035762787,,
0.6960362195968628,474,474,,,,
,474,474,0.7028840780258179,0.3400000035762787,,
0.6958053112030029,475,475,,,,
,475,475,0.7027062177658081,0.3400000035762787,,
0.6955746412277222,476,476,,,,
,476,476,0.7025285959243774,0.3400000035762787,,
0.6953383684158325,477,477,,,,
,477,477,0.7023511528968811,0.3400000035762787,,
0.6951136589050293,478,478,,,,
,478,478,0.7021741271018982,0.3400000035762787,,
0.694883406162262,479,479,,,,
,479,479,0.7019972801208496,0.3400000035762787,,
0.6946536302566528,480,480,,,,
,480,480,0.7018206119537354,0.3400000035762787,,
0.6944238543510437,481,481,,,,
,481,481,0.7016443610191345,0.3499999940395355,,
0.6941940784454346,482,482,,,,
,482,482,0.7014682292938232,0.3499999940395355,,
0.6939648389816284,483,483,,,,
,483,483,0.7012922763824463,0.3499999940395355,,
0.6937353610992432,484,484,,,,
,484,484,0.7011165022850037,0.3499999940395355,,
0.6935065388679504,485,485,,,,
,485,485,0.7009409070014954,0.3499999940395355,,
0.6932770609855652,486,486,,,,
,486,486,0.7007656693458557,0.3499999940395355,,
0.6930481195449829,487,487,,,,
,487,487,0.7005904912948608,0.3499999940395355,,
0.6928190588951111,488,488,,,,
,488,488,0.7004154324531555,0.3499999940395355,,
0.6925904154777527,489,489,,,,
,489,489,0.7002406120300293,0.3499999940395355,,
0.6923621296882629,490,490,,,,
,490,490,0.7000659108161926,0.3499999940395355,,
0.6921302080154419,491,491,,,,
,491,491,0.6998913288116455,0.3499999940395355,,
0.691904604434967,492,492,,,,
,492,492,0.6997168660163879,0.3499999940395355,,
0.6916735172271729,493,493,,,,
,493,493,0.6995427012443542,0.3499999940395355,,
0.6914476156234741,494,494,,,,
,494,494,0.6993685364723206,0.3499999940395355,,
0.69121915102005,495,495,,,,
,495,495,0.6991944909095764,0.36000001430511475,,
0.690991222858429,496,496,,,,
,496,496,0.6990204453468323,0.36000001430511475,,
0.6907626390457153,497,497,,,,
,497,497,0.6988466382026672,0.36000001430511475,,
0.6905345916748047,498,498,,,,
,498,498,0.698672890663147,0.36000001430511475,,
0.6903059482574463,499,499,,,,
,499,499,0.6984992027282715,0.36000001430511475,,
0.6900776028633118,500,500,,,,
,500,500,0.698325514793396,0.36000001430511475,,
0.6898489594459534,501,501,,,,
,501,501,0.6981519460678101,0.36000001430511475,,
0.6896207928657532,502,502,,,,
,502,502,0.6979784965515137,0.36000001430511475,,
0.6893923878669739,503,503,,,,
,503,503,0.6978049278259277,0.36000001430511475,,
0.6891637444496155,504,504,,,,
,504,504,0.6976315975189209,0.36000001430511475,,
0.6889356374740601,505,505,,,,
,505,505,0.6974582076072693,0.36000001430511475,,
0.6887069940567017,506,506,,,,
,506,506,0.6972848773002625,0.3700000047683716,,
0.6884779334068298,507,507,,,,
,507,507,0.6971114277839661,0.3700000047683716,,
0.688249409198761,508,508,,,,
,508,508,0.6969382762908936,0.3700000047683716,,
0.6880202293395996,509,509,,,,
,509,509,0.6967647671699524,0.3700000047683716,,
0.6877918839454651,510,510,,,,
,510,510,0.6965915560722351,0.3700000047683716,,
0.6875625848770142,511,511,,,,
,511,511,0.6964181661605835,0.3700000047683716,,
0.6873335838317871,512,512,,,,
,512,512,0.6962448358535767,0.3700000047683716,,
0.687104344367981,513,513,,,,
,513,513,0.6960715651512146,0.3700000047683716,,
0.6868757605552673,514,514,,,,
,514,514,0.6958981156349182,0.3700000047683716,,
0.6866455078125,515,515,,,,
,515,515,0.6957247257232666,0.3700000047683716,,
0.6864160299301147,516,516,,,,
,516,516,0.6955510973930359,0.3700000047683716,,
0.6861860752105713,517,517,,,,
,517,517,0.6953777074813843,0.3700000047683716,,
0.6859566569328308,518,518,,,,
,518,518,0.6952040791511536,0.3700000047683716,,
0.6857267022132874,519,519,,,,
,519,519,0.6950304508209229,0.3799999952316284,,
0.6854962706565857,520,520,,,,
,520,520,0.6948566436767578,0.3799999952316284,,
0.6852660179138184,521,521,,,,
,521,521,0.6946828961372375,0.3799999952316284,,
0.6850354671478271,522,522,,,,
,522,522,0.6945089101791382,0.3799999952316284,,
0.684804379940033,523,523,,,,
,523,523,0.6943350434303284,0.3799999952316284,,
0.6845757365226746,524,524,,,,
,524,524,0.694161057472229,0.3799999952316284,,
0.684342622756958,525,525,,,,
,525,525,0.693986713886261,0.3799999952316284,,
0.6841117739677429,526,526,,,,
,526,526,0.6938124895095825,0.3799999952316284,,
0.683879554271698,527,527,,,,
,527,527,0.6936380863189697,0.3799999952316284,,
0.6836482882499695,528,528,,,,
,528,528,0.6934629082679749,0.3799999952316284,,
0.6834160089492798,529,529,,,,
,529,529,0.6932889819145203,0.3799999952316284,,
0.6831837296485901,530,530,,,,
,530,530,0.693114161491394,0.3799999952316284,,
0.6829512715339661,531,531,,,,
,531,531,0.6929392218589783,0.3799999952316284,,
0.6827185750007629,532,532,,,,
,532,532,0.6927642226219177,0.3799999952316284,,
0.6824855208396912,533,533,,,,
,533,533,0.6925877928733826,0.3799999952316284,,
0.6822523474693298,534,534,,,,
,534,534,0.6924135684967041,0.3799999952316284,,
0.6820191740989685,535,535,,,,
,535,535,0.6922380328178406,0.3799999952316284,,
0.6817850470542908,536,536,,,,
,536,536,0.6920623183250427,0.3799999952316284,,
0.6815512180328369,537,537,,,,
,537,537,0.6918863654136658,0.3799999952316284,,
0.6813170909881592,538,538,,,,
,538,538,0.6917102932929993,0.3799999952316284,,
0.6810822486877441,539,539,,,,
,539,539,0.6915340423583984,0.3799999952316284,,
0.6808476448059082,540,540,,,,
,540,540,0.6913577318191528,0.3799999952316284,,
0.680611789226532,541,541,,,,
,541,541,0.691180944442749,0.3799999952316284,,
0.680376410484314,542,542,,,,
,542,542,0.6910024285316467,0.38999998569488525,,
0.6801406145095825,543,543,,,,
,543,543,0.6908271312713623,0.38999998569488525,,
0.6799044609069824,544,544,,,,
,544,544,0.6906478404998779,0.38999998569488525,,
0.6796683669090271,545,545,,,,
,545,545,0.6904722452163696,0.38999998569488525,,
0.679431140422821,546,546,,,,
,546,546,0.6902945637702942,0.38999998569488525,,
0.6791938543319702,547,547,,,,
,547,547,0.6901147365570068,0.38999998569488525,,
0.6789564490318298,548,548,,,,
,548,548,0.689938485622406,0.38999998569488525,,
0.6787183284759521,549,549,,,,
,549,549,0.6897578239440918,0.38999998569488525,,
0.6784804463386536,550,550,,,,
,550,550,0.6895812153816223,0.38999998569488525,,
0.6782419681549072,551,551,,,,
,551,551,0.689400315284729,0.38999998569488525,,
0.6780030727386475,552,552,,,,
,552,552,0.6892233490943909,0.38999998569488525,,
0.6777637600898743,553,553,,,,
,553,553,0.6890438199043274,0.38999998569488525,,
0.6775237321853638,554,554,,,,
,554,554,0.6888618469238281,0.38999998569488525,,
0.677283525466919,555,555,,,,
,555,555,0.6886841058731079,0.38999998569488525,,
0.677043616771698,556,556,,,,
,556,556,0.6885016560554504,0.38999998569488525,,
0.6768025159835815,557,557,,,,
,557,557,0.6883209943771362,0.38999998569488525,,
0.6765614151954651,558,558,,,,
,558,558,0.6881401538848877,0.38999998569488525,,
0.6763197183609009,559,559,,,,
,559,559,0.6879589557647705,0.38999998569488525,,
0.6760776042938232,560,560,,,,
,560,560,0.6877776980400085,0.38999998569488525,,
0.675835132598877,561,561,,,,
,561,561,0.6875959634780884,0.38999998569488525,,
0.6755922436714172,562,562,,,,
,562,562,0.6874163150787354,0.38999998569488525,,
0.6753488779067993,563,563,,,,
,563,563,0.6872340440750122,0.38999998569488525,,
0.6751054525375366,564,564,,,,
,564,564,0.6870514154434204,0.38999998569488525,,
0.6748611927032471,565,565,,,,
,565,565,0.68686842918396,0.38999998569488525,,
0.6746167540550232,566,566,,,,
,566,566,0.6866850852966309,0.4000000059604645,,
0.6743717789649963,567,567,,,,
,567,567,0.6865016222000122,0.4000000059604645,,
0.6741259694099426,568,568,,,,
,568,568,0.6863150000572205,0.4000000059604645,,
0.673880398273468,569,569,,,,
,569,569,0.6861308813095093,0.4000000059604645,,
0.6736339330673218,570,570,,,,
,570,570,0.6859490275382996,0.4000000059604645,,
0.6733870506286621,571,571,,,,
,571,571,0.6857610940933228,0.4000000059604645,,
0.6731401085853577,572,572,,,,
,572,572,0.6855787038803101,0.4000000059604645,,
0.672892153263092,573,573,,,,
,573,573,0.6853904724121094,0.4099999964237213,,
0.6726442575454712,574,574,,,,
,574,574,0.6852043867111206,0.4099999964237213,,
0.6723957657814026,575,575,,,,
,575,575,0.685018002986908,0.4099999964237213,,
0.6721460223197937,576,576,,,,
,576,576,0.6848313212394714,0.4099999964237213,,
0.6718968749046326,577,577,,,,
,577,577,0.6846441030502319,0.4099999964237213,,
0.6716468930244446,578,578,,,,
,578,578,0.6844570636749268,0.4099999964237213,,
0.671396017074585,579,579,,,,
,579,579,0.6842717528343201,0.4099999964237213,,
0.6711448431015015,580,580,,,,
,580,580,0.6840810179710388,0.4099999964237213,,
0.6708937287330627,581,581,,,,
,581,581,0.6838923096656799,0.4099999964237213,,
0.6706415414810181,582,582,,,,
,582,582,0.6837034821510315,0.4099999964237213,,
0.67038893699646,583,583,,,,
,583,583,0.6835139393806458,0.4099999964237213,,
0.6701357364654541,584,584,,,,
,584,584,0.6833245158195496,0.4099999964237213,,
0.6698824167251587,585,585,,,,
,585,585,0.683137059211731,0.4099999964237213,,
0.6696285009384155,586,586,,,,
,586,586,0.6829438209533691,0.4099999964237213,,
0.6693739891052246,587,587,,,,
,587,587,0.6827526688575745,0.4099999964237213,,
0.6691193580627441,588,588,,,,
,588,588,0.6825615167617798,0.4099999964237213,,
0.6688632965087891,589,589,,,,
,589,589,0.6823700070381165,0.4099999964237213,,
0.6686075329780579,590,590,,,,
,590,590,0.682177722454071,0.41999998688697815,,
0.6683508157730103,591,591,,,,
,591,591,0.6819853186607361,0.41999998688697815,,
0.6680935025215149,592,592,,,,
,592,592,0.6817924380302429,0.41999998688697815,,
0.6678359508514404,593,593,,,,
,593,593,0.6815989017486572,0.41999998688697815,,
0.6675778031349182,594,594,,,,
,594,594,0.6814054250717163,0.41999998688697815,,
0.6673189401626587,595,595,,,,
,595,595,0.6812111735343933,0.41999998688697815,,
0.6670597791671753,596,596,,,,
,596,596,0.6810165643692017,0.41999998688697815,,
0.6668006181716919,597,597,,,,
,597,597,0.6808215379714966,0.41999998688697815,,
0.6665402054786682,598,598,,,,
,598,598,0.6806261539459229,0.41999998688697815,,
0.666279137134552,599,599,,,,
,599,599,0.68043053150177,0.41999998688697815,,
0.6660178899765015,600,600,,,,
,600,600,0.680233895778656,0.41999998688697815,,
0.6657561659812927,601,601,,,,
,601,601,0.6800371408462524,0.41999998688697815,,
0.6654940843582153,602,602,,,,
,602,602,0.6798398494720459,0.41999998688697815,,
0.6652306914329529,603,603,,,,
,603,603,0.6796422600746155,0.4300000071525574,,
0.6649671196937561,604,604,,,,
,604,604,0.6794444918632507,0.4300000071525574,,
0.6647031903266907,605,605,,,,
,605,605,0.6792458295822144,0.4300000071525574,,
0.6644385457038879,606,606,,,,
,606,606,0.6790468692779541,0.4300000071525574,,
0.6641733050346375,607,607,,,,
,607,607,0.6788474321365356,0.4300000071525574,,
0.6639080047607422,608,608,,,,
,608,608,0.6786476969718933,0.4300000071525574,,
0.6636415719985962,609,609,,,,
,609,609,0.6784476637840271,0.4399999976158142,,
0.6633747816085815,610,610,,,,
,610,610,0.6782466769218445,0.4399999976158142,,
0.663107693195343,611,611,,,,
,611,611,0.6780455708503723,0.4399999976158142,,
0.6628396511077881,612,612,,,,
,612,612,0.6778436303138733,0.4399999976158142,,
0.6625712513923645,613,613,,,,
,613,613,0.6776416301727295,0.4399999976158142,,
0.6623020172119141,614,614,,,,
,614,614,0.6774393320083618,0.4399999976158142,,
0.6620326042175293,615,615,,,,
,615,615,0.6772363185882568,0.4399999976158142,,
0.6617629528045654,616,616,,,,
,616,616,0.6770324110984802,0.4399999976158142,,
0.6614921689033508,617,617,,,,
,617,617,0.6768286228179932,0.4399999976158142,,
0.6612211465835571,618,618,,,,
,618,618,0.6766243577003479,0.4399999976158142,,
0.6609492301940918,619,619,,,,
,619,619,0.6764193773269653,0.44999998807907104,,
0.6606774926185608,620,620,,,,
,620,620,0.6762142181396484,0.44999998807907104,,
0.6604043841362,621,621,,,,
,621,621,0.6760082244873047,0.44999998807907104,,
0.6601309180259705,622,622,,,,
,622,622,0.6758019924163818,0.44999998807907104,,
0.6598570942878723,623,623,,,,
,623,623,0.6755954027175903,0.44999998807907104,,
0.6595824956893921,624,624,,,,
,624,624,0.675387978553772,0.44999998807907104,,
0.6593079566955566,625,625,,,,
,625,625,0.6751804947853088,0.46000000834465027,,
0.6590322256088257,626,626,,,,
,626,626,0.6749722957611084,0.46000000834465027,,
0.6587560772895813,627,627,,,,
,627,627,0.6747637987136841,0.46000000834465027,,
0.6584793925285339,628,628,,,,
,628,628,0.6745545864105225,0.46000000834465027,,
0.6582022905349731,629,629,,,,
,629,629,0.6743449568748474,0.46000000834465027,,
0.6579243540763855,630,630,,,,
,630,630,0.674135148525238,0.46000000834465027,,
0.6576462388038635,631,631,,,,
,631,631,0.6739245653152466,0.46000000834465027,,
0.6573677659034729,632,632,,,,
,632,632,0.673713207244873,0.46000000834465027,,
0.6570881009101868,633,633,,,,
,633,633,0.6735020279884338,0.46000000834465027,,
0.6568083167076111,634,634,,,,
,634,634,0.6732900142669678,0.46000000834465027,,
0.6565282344818115,635,635,,,,
,635,635,0.6730777025222778,0.46000000834465027,,
0.6562472581863403,636,636,,,,
,636,636,0.6728649139404297,0.46000000834465027,,
0.65596604347229,637,637,,,,
,637,637,0.6726515293121338,0.46000000834465027,,
0.6556835174560547,638,638,,,,
,638,638,0.6724373698234558,0.46000000834465027,,
0.6554009318351746,639,639,,,,
,639,639,0.6722235679626465,0.46000000834465027,,
0.6551178693771362,640,640,,,,
,640,640,0.6720086932182312,0.46000000834465027,,
0.6548342704772949,641,641,,,,
,641,641,0.6717934608459473,0.46000000834465027,,
0.6545499563217163,642,642,,,,
,642,642,0.6715777516365051,0.46000000834465027,,
0.6542664170265198,643,643,,,,
,643,643,0.6713616847991943,0.46000000834465027,,
0.65398108959198,644,644,,,,
,644,644,0.6711447238922119,0.46000000834465027,,
0.6536949276924133,645,645,,,,
,645,645,0.6709276437759399,0.46000000834465027,,
0.653408944606781,646,646,,,,
,646,646,0.6707103252410889,0.46000000834465027,,
0.6531224846839905,647,647,,,,
,647,647,0.6704923510551453,0.46000000834465027,,
0.6528353691101074,648,648,,,,
,648,648,0.6702737212181091,0.46000000834465027,,
0.6525472402572632,649,649,,,,
,649,649,0.6700546741485596,0.46000000834465027,,
0.6522592902183533,650,650,,,,
,650,650,0.6698354482650757,0.46000000834465027,,
0.6519705057144165,651,651,,,,
,651,651,0.6696153879165649,0.46000000834465027,,
0.651681661605835,652,652,,,,
,652,652,0.669394850730896,0.46000000834465027,,
0.6513922214508057,653,653,,,,
,653,653,0.6691741347312927,0.46000000834465027,,
0.65110182762146,654,654,,,,
,654,654,0.6689532399177551,0.46000000834465027,,
0.6508113145828247,655,655,,,,
,655,655,0.6687309741973877,0.46000000834465027,,
0.6505200862884521,656,656,,,,
,656,656,0.668509304523468,0.46000000834465027,,
0.65022873878479,657,657,,,,
,657,657,0.6682863831520081,0.46000000834465027,,
0.649936854839325,658,658,,,,
,658,658,0.6680635213851929,0.46000000834465027,,
0.6496438384056091,659,659,,,,
,659,659,0.667839527130127,0.46000000834465027,,
0.649351179599762,660,660,,,,
,660,660,0.667616069316864,0.46000000834465027,,
0.6490576267242432,661,661,,,,
,661,661,0.6673911809921265,0.46000000834465027,,
0.6487641334533691,662,662,,,,
,662,662,0.667166531085968,0.46000000834465027,,
0.6484699845314026,663,663,,,,
,663,663,0.6669408679008484,0.46000000834465027,,
0.6481748819351196,664,664,,,,
,664,664,0.6667153835296631,0.46000000834465027,,
0.6478800177574158,665,665,,,,
,665,665,0.6664891242980957,0.46000000834465027,,
0.647584080696106,666,666,,,,
,666,666,0.6662619709968567,0.46000000834465027,,
0.6472879648208618,667,667,,,,
,667,667,0.6660348773002625,0.46000000834465027,,
0.6469919085502625,668,668,,,,
,668,668,0.6658077836036682,0.46000000834465027,,
0.6466947793960571,669,669,,,,
,669,669,0.6655796766281128,0.46000000834465027,,
0.6463976502418518,670,670,,,,
,670,670,0.665351152420044,0.46000000834465027,,
0.6460999250411987,671,671,,,,
,671,671,0.665122389793396,0.46000000834465027,,
0.6458014845848083,672,672,,,,
,672,672,0.6648930907249451,0.46000000834465027,,
0.6455031633377075,673,673,,,,
,673,673,0.6646636128425598,0.46000000834465027,,
0.645204484462738,674,674,,,,
,674,674,0.6644334197044373,0.46000000834465027,,
0.6449047327041626,675,675,,,,
,675,675,0.664202868938446,0.46000000834465027,,
0.6446053385734558,676,676,,,,
,676,676,0.6639717817306519,0.46000000834465027,,
0.6443050503730774,677,677,,,,
,677,677,0.6637405157089233,0.46000000834465027,,
0.6440045237541199,678,678,,,,
,678,678,0.6635087728500366,0.4699999988079071,,
0.6437036395072937,679,679,,,,
,679,679,0.6632766127586365,0.4699999988079071,,
0.6434025764465332,680,680,,,,
,680,680,0.6630437970161438,0.4699999988079071,,
0.6431010365486145,681,681,,,,
,681,681,0.6628109216690063,0.4699999988079071,,
0.642798900604248,682,682,,,,
,682,682,0.6625776886940002,0.4699999988079071,,
0.6424967050552368,683,683,,,,
,683,683,0.6623439192771912,0.4699999988079071,,
0.6421939730644226,684,684,,,,
,684,684,0.6621095538139343,0.4699999988079071,,
0.6418911814689636,685,685,,,,
,685,685,0.6618747115135193,0.4699999988079071,,
0.6415878534317017,686,686,,,,
,686,686,0.6616403460502625,0.4699999988079071,,
0.6412844061851501,687,687,,,,
,687,687,0.6614047288894653,0.47999998927116394,,
0.6409804821014404,688,688,,,,
,688,688,0.6611686944961548,0.47999998927116394,,
0.6406762003898621,689,689,,,,
,689,689,0.6609326004981995,0.47999998927116394,,
0.6403713226318359,690,690,,,,
,690,690,0.6606962084770203,0.47999998927116394,,
0.6400667428970337,691,691,,,,
,691,691,0.6604591608047485,0.47999998927116394,,
0.6397613286972046,692,692,,,,
,692,692,0.6602221131324768,0.47999998927116394,,
0.6394560933113098,693,693,,,,
,693,693,0.6599839925765991,0.47999998927116394,,
0.6391504406929016,694,694,,,,
,694,694,0.659746527671814,0.47999998927116394,,
0.6388443112373352,695,695,,,,
,695,695,0.6595081090927124,0.49000000953674316,,
0.6385381817817688,696,696,,,,
,696,696,0.6592695713043213,0.49000000953674316,,
0.6382320523262024,697,697,,,,
,697,697,0.6590304374694824,0.49000000953674316,,
0.6379246711730957,698,698,,,,
,698,698,0.6587910652160645,0.49000000953674316,,
0.6376181840896606,699,699,,,,
,699,699,0.6585512757301331,0.49000000953674316,,
0.6373106241226196,700,700,,,,
,700,700,0.6583113074302673,0.5,,
0.6370031833648682,701,701,,,,
,701,701,0.6580706834793091,0.5,,
0.6366955637931824,702,702,,,,
,702,702,0.6578298807144165,0.5,,
0.6363875269889832,703,703,,,,
,703,703,0.6575888991355896,0.5,,
0.6360795497894287,704,704,,,,
,704,704,0.6573476195335388,0.5099999904632568,,
0.6357715725898743,705,705,,,,
,705,705,0.6571056246757507,0.5099999904632568,,
0.6354624032974243,706,706,,,,
,706,706,0.6568636894226074,0.5099999904632568,,
0.635153591632843,707,707,,,,
,707,707,0.6566212177276611,0.5099999904632568,,
0.6348446011543274,708,708,,,,
,708,708,0.6563788652420044,0.5099999904632568,,
0.6345356702804565,709,709,,,,
,709,709,0.656135618686676,0.5099999904632568,,
0.6342263221740723,710,710,,,,
,710,710,0.6558923125267029,0.5099999904632568,,
0.6339167356491089,711,711,,,,
,711,711,0.6556486487388611,0.5099999904632568,,
0.6336073875427246,712,712,,,,
,712,712,0.6554046869277954,0.5099999904632568,,
0.633297324180603,713,713,,,,
,713,713,0.6551604270935059,0.5099999904632568,,
0.6329875588417053,714,714,,,,
,714,714,0.6549157500267029,0.5099999904632568,,
0.6326775550842285,715,715,,,,
,715,715,0.6546708941459656,0.5099999904632568,,
0.6323670744895935,716,716,,,,
,716,716,0.6544260382652283,0.5099999904632568,,
0.6320570707321167,717,717,,,,
,717,717,0.6541805863380432,0.5099999904632568,,
0.6317459344863892,718,718,,,,
,718,718,0.6539349555969238,0.5099999904632568,,
0.6314356327056885,719,719,,,,
,719,719,0.6536887884140015,0.5099999904632568,,
0.6311254501342773,720,720,,,,
,720,720,0.6534427404403687,0.5099999904632568,,
0.6308140754699707,721,721,,,,
,721,721,0.6531965732574463,0.5099999904632568,,
0.630503237247467,722,722,,,,
,722,722,0.6529494524002075,0.5099999904632568,,
0.6301926374435425,723,723,,,,
,723,723,0.6527023315429688,0.5099999904632568,,
0.6298812031745911,724,724,,,,
,724,724,0.6524553894996643,0.5099999904632568,,
0.6295701861381531,725,725,,,,
,725,725,0.6522077918052673,0.5099999904632568,,
0.6292592883110046,726,726,,,,
,726,726,0.6519600749015808,0.5099999904632568,,
0.6289476156234741,727,727,,,,
,727,727,0.6517120599746704,0.5199999809265137,,
0.628636360168457,728,728,,,,
,728,728,0.6514636278152466,0.5199999809265137,,
0.6283251047134399,729,729,,,,
,729,729,0.6512153744697571,0.5299999713897705,,
0.6280133724212646,730,730,,,,
,730,730,0.6509663462638855,0.5299999713897705,,
0.6277019381523132,731,731,,,,
,731,731,0.6507177948951721,0.5299999713897705,,
0.6273908615112305,732,732,,,,
,732,732,0.6504685282707214,0.5299999713897705,,
0.6270791888237,733,733,,,,
,733,733,0.6502193212509155,0.5299999713897705,,
0.626767635345459,734,734,,,,
,734,734,0.6499696969985962,0.5299999713897705,,
0.6264563202857971,735,735,,,,
,735,735,0.6497202515602112,0.5299999713897705,,
0.6261448860168457,736,736,,,,
,736,736,0.6494702696800232,0.5299999713897705,,
0.6258331537246704,737,737,,,,
,737,737,0.6492196917533875,0.5299999713897705,,
0.6255214214324951,738,738,,,,
,738,738,0.6489695906639099,0.5299999713897705,,
0.6252100467681885,739,739,,,,
,739,739,0.6487187743186951,0.5299999713897705,,
0.6248989701271057,740,740,,,,
,740,740,0.6484677791595459,0.5299999713897705,,
0.6245872974395752,741,741,,,,
,741,741,0.6482170820236206,0.5299999713897705,,
0.6242759823799133,742,742,,,,
,742,742,0.6479657888412476,0.5299999713897705,,
0.6239644289016724,743,743,,,,
,743,743,0.6477147936820984,0.5299999713897705,,
0.6236532330513,744,744,,,,
,744,744,0.6474631428718567,0.5299999713897705,,
0.6233425140380859,745,745,,,,
,745,745,0.6472118496894836,0.5299999713897705,,
0.6230306029319763,746,746,,,,
,746,746,0.6469599008560181,0.5299999713897705,,
0.6227200031280518,747,747,,,,
,747,747,0.6467077732086182,0.5299999713897705,,
0.6224088668823242,748,748,,,,
,748,748,0.6464555263519287,0.5299999713897705,,
0.6220979690551758,749,749,,,,
,749,749,0.6462032198905945,0.5299999713897705,,
0.6217870116233826,750,750,,,,
,750,750,0.6459510326385498,0.5299999713897705,,
0.6214764714241028,751,751,,,,
,751,751,0.6456982493400574,0.5299999713897705,,
0.6211652159690857,752,752,,,,
,752,752,0.645445704460144,0.5299999713897705,,
0.6208551526069641,753,753,,,,
,753,753,0.6451928019523621,0.5299999713897705,,
0.6205446124076843,754,754,,,,
,754,754,0.6449397802352905,0.5299999713897705,,
0.6202344298362732,755,755,,,,
,755,755,0.6446865797042847,0.5299999713897705,,
0.6199240684509277,756,756,,,,
,756,756,0.6444332599639893,0.5299999713897705,,
0.6196140050888062,757,757,,,,
,757,757,0.6441801190376282,0.5299999713897705,,
0.6193040013313293,758,758,,,,
,758,758,0.6439267992973328,0.5299999713897705,,
0.6189944744110107,759,759,,,,
,759,759,0.6436728835105896,0.5299999713897705,,
0.6186848282814026,760,760,,,,
,760,760,0.6434193253517151,0.5299999713897705,,
0.6183754205703735,761,761,,,,
,761,761,0.6431658267974854,0.5299999713897705,,
0.6180660724639893,762,762,,,,
,762,762,0.6429116725921631,0.5299999713897705,,
0.6177564263343811,763,763,,,,
,763,763,0.6426577568054199,0.5299999713897705,,
0.6174476146697998,764,764,,,,
,764,764,0.6424036622047424,0.5400000214576721,,
0.6171388626098633,765,765,,,,
,765,765,0.6421494483947754,0.5400000214576721,,
0.6168301105499268,766,766,,,,
,766,766,0.6418951153755188,0.5400000214576721,,
0.6165216565132141,767,767,,,,
,767,767,0.641640841960907,0.5400000214576721,,
0.6162134408950806,768,768,,,,
,768,768,0.6413867473602295,0.5400000214576721,,
0.6159052848815918,769,769,,,,
,769,769,0.6411322951316833,0.5400000214576721,,
0.6155975461006165,770,770,,,,
,770,770,0.6408776044845581,0.5400000214576721,,
0.6152898669242859,771,771,,,,
,771,771,0.6406230330467224,0.5400000214576721,,
0.6149826645851135,772,772,,,,
,772,772,0.640368640422821,0.5400000214576721,,
0.6146754622459412,773,773,,,,
,773,773,0.6401137709617615,0.5400000214576721,,
0.6143683791160583,774,774,,,,
,774,774,0.6398590207099915,0.5400000214576721,,
0.6140615940093994,775,775,,,,
,775,775,0.6396042108535767,0.5400000214576721,,
0.6137549877166748,776,776,,,,
,776,776,0.639349639415741,0.5400000214576721,,
0.6134490370750427,777,777,,,,
,777,777,0.6390946507453918,0.5400000214576721,,
0.6131429076194763,778,778,,,,
,778,778,0.6388399600982666,0.5400000214576721,,
0.6128370761871338,779,779,,,,
,779,779,0.6385851502418518,0.5400000214576721,,
0.6125312447547913,780,780,,,,
,780,780,0.6383300423622131,0.5400000214576721,,
0.6122262477874756,781,781,,,,
,781,781,0.6380752325057983,0.5400000214576721,,
0.6119210124015808,782,782,,,,
,782,782,0.6378204822540283,0.5400000214576721,,
0.6116161346435547,783,783,,,,
,783,783,0.6375653743743896,0.5400000214576721,,
0.6113120913505554,784,784,,,,
,784,784,0.6373105049133301,0.5400000214576721,,
0.6110079288482666,785,785,,,,
,785,785,0.6370557546615601,0.5400000214576721,,
0.6107039451599121,786,786,,,,
,786,786,0.6368007063865662,0.5400000214576721,,
0.6104001402854919,787,787,,,,
,787,787,0.6365459561347961,0.5400000214576721,,
0.6100971102714539,788,788,,,,
,788,788,0.6362910270690918,0.5400000214576721,,
0.6097939610481262,789,789,,,,
,789,789,0.6360360980033875,0.5400000214576721,,
0.6094912886619568,790,790,,,,
,790,790,0.6357812285423279,0.5400000214576721,,
0.6091886758804321,791,791,,,,
,791,791,0.6355264782905579,0.5400000214576721,,
0.6088865399360657,792,792,,,,
,792,792,0.6352717876434326,0.5400000214576721,,
0.6085845828056335,793,793,,,,
,793,793,0.6350170969963074,0.5400000214576721,,
0.608283519744873,794,794,,,,
,794,794,0.6347622871398926,0.5400000214576721,,
0.6079822182655334,795,795,,,,
,795,795,0.6345077753067017,0.5400000214576721,,
0.6076817512512207,796,796,,,,
,796,796,0.6342531442642212,0.5400000214576721,,
0.6073808670043945,797,797,,,,
,797,797,0.6339986324310303,0.5400000214576721,,
0.6070809364318848,798,798,,,,
,798,798,0.6337441205978394,0.5400000214576721,,
0.6067811846733093,799,799,,,,
,799,799,0.6334894299507141,0.5400000214576721,,
0.6064816117286682,800,800,,,,
,800,800,0.6332353353500366,0.5400000214576721,,
0.6061822772026062,801,801,,,,
,801,801,0.6329810619354248,0.5400000214576721,,
0.6058838963508606,802,802,,,,
,802,802,0.6327270269393921,0.5400000214576721,,
0.6055853366851807,803,803,,,,
,803,803,0.6324727535247803,0.5400000214576721,,
0.6052874326705933,804,804,,,,
,804,804,0.6322189569473267,0.5400000214576721,,
0.6049896478652954,805,805,,,,
,805,805,0.6319648623466492,0.5400000214576721,,
0.6046923995018005,806,806,,,,
,806,806,0.6317110657691956,0.5400000214576721,,
0.6043955087661743,807,807,,,,
,807,807,0.6314573884010315,0.5400000214576721,,
0.6040987968444824,808,808,,,,
,808,808,0.6312036514282227,0.5400000214576721,,
0.6038026213645935,809,809,,,,
,809,809,0.6309502124786377,0.5400000214576721,,
0.6034843325614929,810,810,,,,
,810,810,0.630696713924408,0.5400000214576721,,
0.603211522102356,811,811,,,,
,811,811,0.6304435729980469,0.5400000214576721,,
0.6029163599014282,812,812,,,,
,812,812,0.630190372467041,0.5400000214576721,,
0.6026216149330139,813,813,,,,
,813,813,0.6299374103546143,0.5400000214576721,,
0.6023274660110474,814,814,,,,
,814,814,0.6296845078468323,0.5400000214576721,,
0.6020337343215942,815,815,,,,
,815,815,0.6294315457344055,0.5400000214576721,,
0.6017196774482727,816,816,,,,
,816,816,0.629179060459137,0.5400000214576721,,
0.6014472842216492,817,817,,,,
,817,817,0.6289266347885132,0.5400000214576721,,
0.6011337041854858,818,818,,,,
,818,818,0.6286743879318237,0.5400000214576721,,
0.6008412837982178,819,819,,,,
,819,819,0.6284222602844238,0.5400000214576721,,
0.6005706191062927,820,820,,,,
,820,820,0.6281702518463135,0.5400000214576721,,
0.6002792119979858,821,821,,,,
,821,821,0.6279182434082031,0.5400000214576721,,
0.5999677181243896,822,822,,,,
,822,822,0.6276666522026062,0.5400000214576721,,
0.5996978878974915,823,823,,,,
,823,823,0.627415120601654,0.5400000214576721,,
0.5993874669075012,824,824,,,,
,824,824,0.627163827419281,0.5400000214576721,,
0.5990978479385376,825,825,,,,
,825,825,0.6269127130508423,0.5400000214576721,,
0.5988094210624695,826,826,,,,
,826,826,0.6266617774963379,0.5400000214576721,,
0.5985400676727295,827,827,,,,
,827,827,0.6264108419418335,0.5400000214576721,,
0.5982516407966614,828,828,,,,
,828,828,0.6261603236198425,0.5400000214576721,,
0.5979443192481995,829,829,,,,
,829,829,0.6259097456932068,0.5400000214576721,,
0.5976763367652893,830,830,,,,
,830,830,0.6256595849990845,0.550000011920929,,
0.5973699688911438,831,831,,,,
,831,831,0.6254096031188965,0.550000011920929,,
0.5970835089683533,832,832,,,,
,832,832,0.6251596212387085,0.550000011920929,,
0.5967975854873657,833,833,,,,
,833,833,0.6249099373817444,0.550000011920929,,
0.5965126752853394,834,834,,,,
,834,834,0.6246606111526489,0.550000011920929,,
0.5962269306182861,835,835,,,,
,835,835,0.6244114637374878,0.550000011920929,,
0.5959427952766418,836,836,,,,
,836,836,0.6241623163223267,0.550000011920929,,
0.5956588387489319,837,837,,,,
,837,837,0.6239135265350342,0.550000011920929,,
0.5953748822212219,838,838,,,,
,838,838,0.623664915561676,0.550000011920929,,
0.5950916409492493,839,839,,,,
,839,839,0.6234166622161865,0.550000011920929,,
0.5948084592819214,840,840,,,,
,840,840,0.6231685876846313,0.550000011920929,,
0.5945262312889099,841,841,,,,
,841,841,0.6229206919670105,0.550000011920929,,
0.594244658946991,842,842,,,,
,842,842,0.6226730346679688,0.550000011920929,,
0.5939628481864929,843,843,,,,
,843,843,0.6224256157875061,0.550000011920929,,
0.593682050704956,844,844,,,,
,844,844,0.6221783757209778,0.550000011920929,,
0.5934188365936279,845,845,,,,
,845,845,0.6219314336776733,0.550000011920929,,
0.5931214690208435,846,846,,,,
,846,846,0.621684730052948,0.550000011920929,,
0.5928418636322021,847,847,,,,
,847,847,0.6214382648468018,0.550000011920929,,
0.5925634503364563,848,848,,,,
,848,848,0.6211920380592346,0.550000011920929,,
0.5922843813896179,849,849,,,,
,849,849,0.6209459900856018,0.550000011920929,,
0.5920063257217407,850,850,,,,
,850,850,0.6207003593444824,0.550000011920929,,
0.5917292237281799,851,851,,,,
,851,851,0.6204549670219421,0.5600000023841858,,
0.5914518237113953,852,852,,,,
,852,852,0.6202097535133362,0.5600000023841858,,
0.591174840927124,853,853,,,,
,853,853,0.6199648380279541,0.5600000023841858,,
0.5908989310264587,854,854,,,,
,854,854,0.6197202205657959,0.5600000023841858,,
0.590623676776886,855,855,,,,
,855,855,0.6194758415222168,0.5600000023841858,,
0.5903480648994446,856,856,,,,
,856,856,0.6192318201065063,0.5600000023841858,,
0.5900731682777405,857,857,,,,
,857,857,0.6189879775047302,0.5600000023841858,,
0.5897988677024841,858,858,,,,
,858,858,0.6187443733215332,0.5600000023841858,,
0.589525043964386,859,859,,,,
,859,859,0.6185011267662048,0.5600000023841858,,
0.5892517566680908,860,860,,,,
,860,860,0.6182581186294556,0.5699999928474426,,
0.5889945030212402,861,861,,,,
,861,861,0.6180153489112854,0.5799999833106995,,
0.5887063145637512,862,862,,,,
,862,862,0.6177728176116943,0.5799999833106995,,
0.5884349346160889,863,863,,,,
,863,863,0.6175305843353271,0.5799999833106995,,
0.5881636142730713,864,864,,,,
,864,864,0.6172887086868286,0.5799999833106995,,
0.587892472743988,865,865,,,,
,865,865,0.6170471906661987,0.5799999833106995,,
0.5876230001449585,866,866,,,,
,866,866,0.616805911064148,0.5799999833106995,,
0.5873528122901917,867,867,,,,
,867,867,0.6165648102760315,0.5799999833106995,,
0.5870835781097412,868,868,,,,
,868,868,0.6163241267204285,0.5799999833106995,,
0.5868145823478699,869,869,,,,
,869,869,0.6160836815834045,0.5799999833106995,,
0.5865462422370911,870,870,,,,
,870,870,0.6158435940742493,0.5799999833106995,,
0.5862781405448914,871,871,,,,
,871,871,0.6156037449836731,0.5799999833106995,,
0.586010217666626,872,872,,,,
,872,872,0.6153643131256104,0.5799999833106995,,
0.5857434272766113,873,873,,,,
,873,873,0.6151250600814819,0.5799999833106995,,
0.585477352142334,874,874,,,,
,874,874,0.6148861050605774,0.5799999833106995,,
0.5852115750312805,875,875,,,,
,875,875,0.6146475672721863,0.5799999833106995,,
0.5849462747573853,876,876,,,,
,876,876,0.614409327507019,0.5899999737739563,,
0.58468097448349,877,877,,,,
,877,877,0.6141713857650757,0.5899999737739563,,
0.5844166278839111,878,878,,,,
,878,878,0.6139336228370667,0.5899999737739563,,
0.584152340888977,879,879,,,,
,879,879,0.613696277141571,0.5899999737739563,,
0.5838894248008728,880,880,,,,
,880,880,0.6134592294692993,0.5899999737739563,,
0.583625853061676,881,881,,,,
,881,881,0.6132224798202515,0.5899999737739563,,
0.5833633542060852,882,882,,,,
,882,882,0.6129860281944275,0.5899999737739563,,
0.5831013321876526,883,883,,,,
,883,883,0.6127499938011169,0.5899999737739563,,
0.5828394293785095,884,884,,,,
,884,884,0.6125141382217407,0.5899999737739563,,
0.5825782418251038,885,885,,,,
,885,885,0.6122786998748779,0.5899999737739563,,
0.5823178291320801,886,886,,,,
,886,886,0.612043559551239,0.5899999737739563,,
0.5820580124855042,887,887,,,,
,887,887,0.611808717250824,0.5899999737739563,,
0.5817990303039551,888,888,,,,
,888,888,0.6115742325782776,0.5899999737739563,,
0.5815399885177612,889,889,,,,
,889,889,0.6113399267196655,0.5899999737739563,,
0.581280529499054,890,890,,,,
,890,890,0.6111060976982117,0.5899999737739563,,
0.5810229778289795,891,891,,,,
,891,891,0.6108725666999817,0.5899999737739563,,
0.5807652473449707,892,892,,,,
,892,892,0.6106393337249756,0.5899999737739563,,
0.580507755279541,893,893,,,,
,893,893,0.6104064583778381,0.5899999737739563,,
0.5802510976791382,894,894,,,,
,894,894,0.6101738214492798,0.5899999737739563,,
0.5799945592880249,895,895,,,,
,895,895,0.6099415421485901,0.5899999737739563,,
0.5797387957572937,896,896,,,,
,896,896,0.6097096800804138,0.5899999737739563,,
0.5794827938079834,897,897,,,,
,897,897,0.6094780564308167,0.5899999737739563,,
0.5792288780212402,898,898,,,,
,898,898,0.6092467308044434,0.5899999737739563,,
0.5789744853973389,899,899,,,,
,899,899,0.6090158224105835,0.5899999737739563,,
0.5787209272384644,900,900,,,,
,900,900,0.6087852716445923,0.5899999737739563,,
0.5784673094749451,901,901,,,,
,901,901,0.608555018901825,0.5899999737739563,,
0.5782148838043213,902,902,,,,
,902,902,0.6083250045776367,0.5899999737739563,,
0.577961266040802,903,903,,,,
,903,903,0.6080953478813171,0.5899999737739563,,
0.5777089595794678,904,904,,,,
,904,904,0.6078660488128662,0.5899999737739563,,
0.5774585008621216,905,905,,,,
,905,905,0.6076371669769287,0.5899999737739563,,
0.5772075057029724,906,906,,,,
,906,906,0.6074084639549255,0.5899999737739563,,
0.576956033706665,907,907,,,,
,907,907,0.6071801781654358,0.5899999737739563,,
0.5767067670822144,908,908,,,,
,908,908,0.6069521903991699,0.5899999737739563,,
0.5764563679695129,909,909,,,,
,909,909,0.6067244410514832,0.5899999737739563,,
0.5762074589729309,910,910,,,,
,910,910,0.6064972281455994,0.5899999737739563,,
0.5759588479995728,911,911,,,,
,911,911,0.6062702536582947,0.5899999737739563,,
0.5757104754447937,912,912,,,,
,912,912,0.6060435771942139,0.5899999737739563,,
0.575463056564331,913,913,,,,
,913,913,0.6058172583580017,0.5899999737739563,,
0.5752155184745789,914,914,,,,
,914,914,0.6055780649185181,0.5899999737739563,,
0.5749689340591431,915,915,,,,
,915,915,0.6053655743598938,0.5899999737739563,,
0.5747223496437073,916,916,,,,
,916,916,0.605140209197998,0.5899999737739563,,
0.5744767189025879,917,917,,,,
,917,917,0.6049152612686157,0.5899999737739563,,
0.574230968952179,918,918,,,,
,918,918,0.6046904921531677,0.5899999737739563,,
0.5739852786064148,919,919,,,,
,919,919,0.6044660806655884,0.5899999737739563,,
0.5737412571907043,920,920,,,,
,920,920,0.6042420864105225,0.5899999737739563,,
0.5734966993331909,921,921,,,,
,921,921,0.6040183305740356,0.5899999737739563,,
0.5732532739639282,922,922,,,,
,922,922,0.6037949919700623,0.5899999737739563,,
0.5730102062225342,923,923,,,,
,923,923,0.6035719513893127,0.5899999737739563,,
0.5727663636207581,924,924,,,,
,924,924,0.6033491492271423,0.5899999737739563,,
0.5725245475769043,925,925,,,,
,925,925,0.6031267642974854,0.5899999737739563,,
0.5722823739051819,926,926,,,,
,926,926,0.6029046773910522,0.5899999737739563,,
0.5720409750938416,927,927,,,,
,927,927,0.602682888507843,0.5899999737739563,,
0.5717997550964355,928,928,,,,
,928,928,0.6024614572525024,0.5899999737739563,,
0.571559488773346,929,929,,,,
,929,929,0.6022403240203857,0.5899999737739563,,
0.5713189840316772,930,930,,,,
,930,930,0.6020194888114929,0.5899999737739563,,
0.571079432964325,931,931,,,,
,931,931,0.6017990708351135,0.5899999737739563,,
0.5708396434783936,932,932,,,,
,932,932,0.6015655398368835,0.5899999737739563,,
0.5706003308296204,933,933,,,,
,933,933,0.6013591289520264,0.5899999737739563,,
0.57036292552948,934,934,,,,
,934,934,0.601125955581665,0.5899999737739563,,
0.570125162601471,935,935,,,,
,935,935,0.6009204387664795,0.5899999737739563,,
0.5698867440223694,936,936,,,,
,936,936,0.6007014513015747,0.5899999737739563,,
0.5696494579315186,937,937,,,,
,937,937,0.6004692316055298,0.5899999737739563,,
0.569413423538208,938,938,,,,
,938,938,0.6002646684646606,0.5899999737739563,,
0.5691763162612915,939,939,,,,
,939,939,0.6000338792800903,0.5899999737739563,,
0.5689398050308228,940,940,,,,
,940,940,0.5998291373252869,0.5899999737739563,,
0.568705141544342,941,941,,,,
,941,941,0.5996118187904358,0.5899999737739563,,
0.5684689879417419,942,942,,,,
,942,942,0.5993948578834534,0.5899999737739563,,
0.5682333111763,943,943,,,,
,943,943,0.5991653800010681,0.5899999737739563,,
0.5680004358291626,944,944,,,,
,944,944,0.5989617705345154,0.5899999737739563,,
0.5677663683891296,945,945,,,,
,945,945,0.5987323522567749,0.5899999737739563,,
0.5675323605537415,946,946,,,,
,946,946,0.5985300540924072,0.5899999737739563,,
0.5673000812530518,947,947,,,,
,947,947,0.5983007550239563,0.5899999737739563,,
0.5670661330223083,948,948,,,,
,948,948,0.5980995297431946,0.5899999737739563,,
0.5668349862098694,949,949,,,,
,949,949,0.5978846549987793,0.5899999737739563,,
0.5666026473045349,950,950,,,,
,950,950,0.5976701974868774,0.5899999737739563,,
0.5663709044456482,951,951,,,,
,951,951,0.5974559783935547,0.5899999737739563,,
0.5661394596099854,952,952,,,,
,952,952,0.5972420573234558,0.5899999737739563,,
0.5659081935882568,953,953,,,,
,953,953,0.5970284938812256,0.5899999737739563,,
0.5656784176826477,954,954,,,,
,954,954,0.5968011617660522,0.5899999737739563,,
0.5654477477073669,955,955,,,,
,955,955,0.5965881943702698,0.5899999737739563,,
0.5652182102203369,956,956,,,,
,956,956,0.5963761210441589,0.5899999737739563,,
0.564988911151886,957,957,,,,
,957,957,0.5961630344390869,0.5899999737739563,,
0.5647606253623962,958,958,,,,
,958,958,0.5959650874137878,0.5899999737739563,,
0.5645322799682617,959,959,,,,
,959,959,0.5957532525062561,0.5899999737739563,,
0.5643055438995361,960,960,,,,
,960,960,0.595541775226593,0.5899999737739563,,
0.5640757083892822,961,961,,,,
,961,961,0.5953304767608643,0.5899999737739563,,
0.563848614692688,962,962,,,,
,962,962,0.5951054692268372,0.5899999737739563,,
0.5636209845542908,963,963,,,,
,963,963,0.5948953032493591,0.5899999737739563,,
0.5633940696716309,964,964,,,,
,964,964,0.594684362411499,0.6000000238418579,,
0.5631693005561829,965,965,,,,
,965,965,0.594474196434021,0.6000000238418579,,
0.5629419088363647,966,966,,,,
,966,966,0.5942639708518982,0.6000000238418579,,
0.5627179741859436,967,967,,,,
,967,967,0.5940559506416321,0.6000000238418579,,
0.5624907612800598,968,968,,,,
,968,968,0.5938456058502197,0.6000000238418579,,
0.5622671842575073,969,969,,,,
,969,969,0.593636691570282,0.6000000238418579,,
0.562043309211731,970,970,,,,
,970,970,0.5934276580810547,0.6000000238418579,,
0.5618195533752441,971,971,,,,
,971,971,0.5932198166847229,0.6000000238418579,,
0.5615937113761902,972,972,,,,
,972,972,0.593026340007782,0.6000000238418579,,
0.5613698959350586,973,973,,,,
,973,973,0.5928041934967041,0.6000000238418579,,
0.561149001121521,974,974,,,,
,974,974,0.5925959944725037,0.6000000238418579,,
0.5609259605407715,975,975,,,,
,975,975,0.5923890471458435,0.6100000143051147,,
0.5607032775878906,976,976,,,,
,976,976,0.5921969413757324,0.6100000143051147,,
0.5604820847511292,977,977,,,,
,977,977,0.591975748538971,0.6100000143051147,,
0.5602593421936035,978,978,,,,
,978,978,0.5917837619781494,0.6100000143051147,,
0.5600376725196838,979,979,,,,
,979,979,0.5915622711181641,0.6100000143051147,,
0.559817373752594,980,980,,,,
,980,980,0.5913583636283875,0.6100000143051147,,
0.5595964193344116,981,981,,,,
,981,981,0.5911661386489868,0.6100000143051147,,
0.5593745708465576,982,982,,,,
,982,982,0.5909454226493835,0.6100000143051147,,
0.5591574311256409,983,983,,,,
,983,983,0.5907406806945801,0.6100000143051147,,
0.5589353442192078,984,984,,,,
,984,984,0.5905370712280273,0.6100000143051147,,
0.5587179660797119,985,985,,,,
,985,985,0.5903313159942627,0.6100000143051147,,
0.5584978461265564,986,986,,,,
,986,986,0.5901421308517456,0.6100000143051147,,
0.5582780241966248,987,987,,,,
,987,987,0.589922308921814,0.6100000143051147,,
0.5580612421035767,988,988,,,,
,988,988,0.5897194743156433,0.6100000143051147,,
0.5578417778015137,989,989,,,,
,989,989,0.5895149111747742,0.6100000143051147,,
0.5576232671737671,990,990,,,,
,990,990,0.5893276929855347,0.6100000143051147,,
0.5574063658714294,991,991,,,,
,991,991,0.5891076922416687,0.6100000143051147,,
0.5571873784065247,992,992,,,,
,992,992,0.5889046788215637,0.6100000143051147,,
0.5569733381271362,993,993,,,,
,993,993,0.5887021422386169,0.6100000143051147,,
0.5567562580108643,994,994,,,,
,994,994,0.5885009765625,0.6100000143051147,,
0.5565400719642639,995,995,,,,
,995,995,0.5882996320724487,0.6100000143051147,,
0.5563234090805054,996,996,,,,
,996,996,0.5880968570709229,0.6100000143051147,,
0.5561072826385498,997,997,,,,
,997,997,0.5878958702087402,0.6100000143051147,,
0.5558927655220032,998,998,,,,
,998,998,0.5877107977867126,0.6200000047683716,,
0.5556771755218506,999,999,,,,
,999,999,0.587492823600769,0.6200000047683716,,
0.5554607510566711,1000,1000,,,,
,1000,1000,0.5872915983200073,0.6200000047683716,,
0.5552482604980469,1001,1001,,,,
,1001,1001,0.587092399597168,0.6200000047683716,,
0.5550329089164734,1002,1002,,,,
,1002,1002,0.5868923664093018,0.6200000047683716,,
0.5548208951950073,1003,1003,,,,
,1003,1003,0.5866915583610535,0.6200000047683716,,
0.5546060800552368,1004,1004,,,,
,1004,1004,0.5864925384521484,0.6200000047683716,,
0.5543924570083618,1005,1005,,,,
,1005,1005,0.586290717124939,0.6200000047683716,,
0.5541796684265137,1006,1006,,,,
,1006,1006,0.5860910415649414,0.6200000047683716,,
0.5539672374725342,1007,1007,,,,
,1007,1007,0.5858920812606812,0.6200000047683716,,
0.5537551641464233,1008,1008,,,,
,1008,1008,0.585695207118988,0.6200000047683716,,
0.5535423159599304,1009,1009,,,,
,1009,1009,0.5854976177215576,0.6200000047683716,,
0.5533300042152405,1010,1010,,,,
,1010,1010,0.5852962732315063,0.6200000047683716,,
0.5531184673309326,1011,1011,,,,
,1011,1011,0.5850998163223267,0.6200000047683716,,
0.5529073476791382,1012,1012,,,,
,1012,1012,0.5849023461341858,0.6200000047683716,,
0.5526960492134094,1013,1013,,,,
,1013,1013,0.5847014784812927,0.6200000047683716,,
0.5524865388870239,1014,1014,,,,
,1014,1014,0.584506094455719,0.6200000047683716,,
0.5522745251655579,1015,1015,,,,
,1015,1015,0.5843077301979065,0.6200000047683716,,
0.5520637631416321,1016,1016,,,,
,1016,1016,0.5841096043586731,0.6200000047683716,,
0.5518532991409302,1017,1017,,,,
,1017,1017,0.5839148163795471,0.6200000047683716,,
0.551645040512085,1018,1018,,,,
,1018,1018,0.5837177634239197,0.6200000047683716,,
0.5514339208602905,1019,1019,,,,
,1019,1019,0.5835208296775818,0.6200000047683716,,
0.5512247681617737,1020,1020,,,,
,1020,1020,0.5833243727684021,0.6200000047683716,,
0.5510145425796509,1021,1021,,,,
,1021,1021,0.5831449627876282,0.6200000047683716,,
0.550806999206543,1022,1022,,,,
,1022,1022,0.5829325318336487,0.6200000047683716,,
0.5505960583686829,1023,1023,,,,
,1023,1023,0.5827344655990601,0.6200000047683716,,
0.5503873229026794,1024,1024,,,,
,1024,1024,0.5825393199920654,0.6200000047683716,,
0.5501817464828491,1025,1025,,,,
,1025,1025,0.5823448300361633,0.6200000047683716,,
0.5499737858772278,1026,1026,,,,
,1026,1026,0.5821497440338135,0.6200000047683716,,
0.5497640371322632,1027,1027,,,,
,1027,1027,0.5819551348686218,0.6200000047683716,,
0.5495591759681702,1028,1028,,,,
,1028,1028,0.5817622542381287,0.6200000047683716,,
0.5493488311767578,1029,1029,,,,
,1029,1029,0.5815646648406982,0.6200000047683716,,
0.5491417050361633,1030,1030,,,,
,1030,1030,0.5813731551170349,0.6200000047683716,,
0.5489335060119629,1031,1031,,,,
,1031,1031,0.5811789631843567,0.6200000047683716,,
0.5487293601036072,1032,1032,,,,
,1032,1032,0.5809800624847412,0.6200000047683716,,
0.5485193133354187,1033,1033,,,,
,1033,1033,0.5807877779006958,0.6200000047683716,,
0.5483157634735107,1034,1034,,,,
,1034,1034,0.5805942416191101,0.6200000047683716,,
0.5481109619140625,1035,1035,,,,
,1035,1035,0.5804005265235901,0.6200000047683716,,
0.5479040741920471,1036,1036,,,,
,1036,1036,0.5802115797996521,0.6200000047683716,,
0.5476990342140198,1037,1037,,,,
,1037,1037,0.5800142288208008,0.6200000047683716,,
0.54749596118927,1038,1038,,,,
,1038,1038,0.5798220634460449,0.6200000047683716,,
0.5472886562347412,1039,1039,,,,
,1039,1039,0.5796331763267517,0.6200000047683716,,
0.5470834970474243,1040,1040,,,,
,1040,1040,0.5794356465339661,0.6200000047683716,,
0.5468766689300537,1041,1041,,,,
,1041,1041,0.579244077205658,0.6200000047683716,,
0.5466710925102234,1042,1042,,,,
,1042,1042,0.5790551900863647,0.6200000047683716,,
0.5464707612991333,1043,1043,,,,
,1043,1043,0.5788623690605164,0.6299999952316284,,
0.5462632179260254,1044,1044,,,,
,1044,1044,0.5786645412445068,0.6299999952316284,,
0.5460634231567383,1045,1045,,,,
,1045,1045,0.5784786343574524,0.6299999952316284,,
0.54585862159729,1046,1046,,,,
,1046,1046,0.5782855749130249,0.6299999952316284,,
0.5456563830375671,1047,1047,,,,
,1047,1047,0.5780929923057556,0.6299999952316284,,
0.5454543232917786,1048,1048,,,,
,1048,1048,0.5779006481170654,0.6299999952316284,,
0.5452471375465393,1049,1049,,,,
,1049,1049,0.5777105093002319,0.6299999952316284,,
0.5450472235679626,1050,1050,,,,
,1050,1050,0.5775386691093445,0.6299999952316284,,
0.5448407530784607,1051,1051,,,,
,1051,1051,0.577326238155365,0.6299999952316284,,
0.5446382761001587,1052,1052,,,,
,1052,1052,0.5771378874778748,0.6299999952316284,,
0.544437825679779,1053,1053,,,,
,1053,1053,0.5769497752189636,0.6299999952316284,,
0.5442318916320801,1054,1054,,,,
,1054,1054,0.5767551064491272,0.6299999952316284,,
0.5440300107002258,1055,1055,,,,
,1055,1055,0.5765642523765564,0.6299999952316284,,
0.5438311696052551,1056,1056,,,,
,1056,1056,0.5763759016990662,0.6299999952316284,,
0.5436288118362427,1057,1057,,,,
,1057,1057,0.5761898159980774,0.6299999952316284,,
0.5434277653694153,1058,1058,,,,
,1058,1058,0.5759954452514648,0.6299999952316284,,
0.5432245135307312,1059,1059,,,,
,1059,1059,0.5758046507835388,0.6299999952316284,,
0.5430229306221008,1060,1060,,,,
,1060,1060,0.5756144523620605,0.6299999952316284,,
0.5428211688995361,1061,1061,,,,
,1061,1061,0.5754268765449524,0.6299999952316284,,
0.5426208972930908,1062,1062,,,,
,1062,1062,0.5752403140068054,0.6299999952316284,,
0.542417585849762,1063,1063,,,,
,1063,1063,0.5750513076782227,0.6299999952316284,,
0.5422189831733704,1064,1064,,,,
,1064,1064,0.5748568177223206,0.6299999952316284,,
0.5420162677764893,1065,1065,,,,
,1065,1065,0.5746667385101318,0.6399999856948853,,
0.5418186783790588,1066,1066,,,,
,1066,1066,0.574481725692749,0.6399999856948853,,
0.5416173934936523,1067,1067,,,,
,1067,1067,0.5742937326431274,0.6399999856948853,,
0.5414134860038757,1068,1068,,,,
,1068,1068,0.5741021633148193,0.6399999856948853,,
0.5412150621414185,1069,1069,,,,
,1069,1069,0.5739142298698425,0.6399999856948853,,
0.5410112142562866,1070,1070,,,,
,1070,1070,0.5737219452857971,0.6399999856948853,,
0.540814220905304,1071,1071,,,,
,1071,1071,0.5735332369804382,0.6399999856948853,,
0.5406113266944885,1072,1072,,,,
,1072,1072,0.5733506679534912,0.6399999856948853,,
0.540413498878479,1073,1073,,,,
,1073,1073,0.5731620192527771,0.6399999856948853,,
0.540213942527771,1074,1074,,,,
,1074,1074,0.5729719996452332,0.6399999856948853,,
0.540015697479248,1075,1075,,,,
,1075,1075,0.5727841854095459,0.6399999856948853,,
0.539817214012146,1076,1076,,,,
,1076,1076,0.5726000070571899,0.6399999856948853,,
0.5396169424057007,1077,1077,,,,
,1077,1077,0.5724095702171326,0.6399999856948853,,
0.5394176244735718,1078,1078,,,,
,1078,1078,0.5722209215164185,0.6399999856948853,,
0.5392191410064697,1079,1079,,,,
,1079,1079,0.5720323324203491,0.6399999856948853,,
0.5390205979347229,1080,1080,,,,
,1080,1080,0.5718425512313843,0.6399999856948853,,
0.5388200283050537,1081,1081,,,,
,1081,1081,0.5716602206230164,0.6399999856948853,,
0.538624107837677,1082,1082,,,,
,1082,1082,0.5714741945266724,0.6399999856948853,,
0.538424015045166,1083,1083,,,,
,1083,1083,0.5712845325469971,0.6399999856948853,,
0.538227379322052,1084,1084,,,,
,1084,1084,0.5710961222648621,0.6399999856948853,,
0.5380274653434753,1085,1085,,,,
,1085,1085,0.5709037184715271,0.6399999856948853,,
0.5378237366676331,1086,1086,,,,
,1086,1086,0.570719838142395,0.6399999856948853,,
0.5376272201538086,1087,1087,,,,
,1087,1087,0.5705373287200928,0.6399999856948853,,
0.5374314785003662,1088,1088,,,,
,1088,1088,0.5703493356704712,0.6399999856948853,,
0.5372313857078552,1089,1089,,,,
,1089,1089,0.5701598525047302,0.6399999856948853,,
0.5370334386825562,1090,1090,,,,
,1090,1090,0.56997150182724,0.6399999856948853,,
0.5368340611457825,1091,1091,,,,
,1091,1091,0.5697861909866333,0.6399999856948853,,
0.5366383194923401,1092,1092,,,,
,1092,1092,0.5695956349372864,0.6399999856948853,,
0.5364392995834351,1093,1093,,,,
,1093,1093,0.569409191608429,0.6399999856948853,,
0.5362401008605957,1094,1094,,,,
,1094,1094,0.5692196488380432,0.6399999856948853,,
0.5360439419746399,1095,1095,,,,
,1095,1095,0.5690352916717529,0.6399999856948853,,
0.5358443856239319,1096,1096,,,,
,1096,1096,0.5688530206680298,0.6399999856948853,,
0.5356428027153015,1097,1097,,,,
,1097,1097,0.5686673521995544,0.6399999856948853,,
0.535451352596283,1098,1098,,,,
,1098,1098,0.5684781074523926,0.6399999856948853,,
0.5352499485015869,1099,1099,,,,
,1099,1099,0.5682899355888367,0.6399999856948853,,
0.5350496768951416,1100,1100,,,,
,1100,1100,0.5681054592132568,0.6399999856948853,,
0.5348575711250305,1101,1101,,,,
,1101,1101,0.5679154992103577,0.6399999856948853,,
0.5346531867980957,1102,1102,,,,
,1102,1102,0.5677316188812256,0.6399999856948853,,
0.5344582200050354,1103,1103,,,,
,1103,1103,0.5675424337387085,0.6399999856948853,,
0.5342616438865662,1104,1104,,,,
,1104,1104,0.5673552751541138,0.6399999856948853,,
0.5340663194656372,1105,1105,,,,
,1105,1105,0.5671785473823547,0.6399999856948853,,
0.5338653326034546,1106,1106,,,,
,1106,1106,0.5669864416122437,0.6399999856948853,,
0.5336684584617615,1107,1107,,,,
,1107,1107,0.5668071508407593,0.6399999856948853,,
0.5334681868553162,1108,1108,,,,
,1108,1108,0.5666167736053467,0.6399999856948853,,
0.5332757830619812,1109,1109,,,,
,1109,1109,0.5664260983467102,0.6399999856948853,,
0.5330746173858643,1110,1110,,,,
,1110,1110,0.5662388205528259,0.6399999856948853,,
0.5328781008720398,1111,1111,,,,
,1111,1111,0.5660547018051147,0.6399999856948853,,
0.5326841473579407,1112,1112,,,,
,1112,1112,0.5658647418022156,0.6399999856948853,,
0.5324835181236267,1113,1113,,,,
,1113,1113,0.5656720995903015,0.6399999856948853,,
0.5322768092155457,1114,1114,,,,
,1114,1114,0.5654870867729187,0.6399999856948853,,
0.532088577747345,1115,1115,,,,
,1115,1115,0.5653018355369568,0.6399999856948853,,
0.531887412071228,1116,1116,,,,
,1116,1116,0.5651240348815918,0.6499999761581421,,
0.5316908359527588,1117,1117,,,,
,1117,1117,0.5649316906929016,0.6499999761581421,,
0.5314869284629822,1118,1118,,,,
,1118,1118,0.5647408366203308,0.6499999761581421,,
0.5312960743904114,1119,1119,,,,
,1119,1119,0.5645552277565002,0.6499999761581421,,
0.5310981273651123,1120,1120,,,,
,1120,1120,0.5643776059150696,0.6499999761581421,,
0.5308974385261536,1121,1121,,,,
,1121,1121,0.5641762614250183,0.6499999761581421,,
0.5306981205940247,1122,1122,,,,
,1122,1122,0.5639926195144653,0.6499999761581421,,
0.5305066704750061,1123,1123,,,,
,1123,1123,0.5637996792793274,0.6499999761581421,,
0.5303024649620056,1124,1124,,,,
,1124,1124,0.5636187791824341,0.6499999761581421,,
0.530103325843811,1125,1125,,,,
,1125,1125,0.5634309649467468,0.6499999761581421,,
0.5299063920974731,1126,1126,,,,
,1126,1126,0.5632433891296387,0.6499999761581421,,
0.5297039151191711,1127,1127,,,,
,1127,1127,0.5630638599395752,0.6499999761581421,,
0.5295109748840332,1128,1128,,,,
,1128,1128,0.5628616213798523,0.6499999761581421,,
0.5293049812316895,1129,1129,,,,
,1129,1129,0.5626863837242126,0.6499999761581421,,
0.5291155576705933,1130,1130,,,,
,1130,1130,0.5624997019767761,0.6499999761581421,,
0.5289127230644226,1131,1131,,,,
,1131,1131,0.5623080730438232,0.6499999761581421,,
0.5287145376205444,1132,1132,,,,
,1132,1132,0.5621204376220703,0.6499999761581421,,
0.5285180807113647,1133,1133,,,,
,1133,1133,0.561938464641571,0.6499999761581421,,
0.5283102989196777,1134,1134,,,,
,1134,1134,0.5617318749427795,0.6499999761581421,,
0.528114914894104,1135,1135,,,,
,1135,1135,0.5615481734275818,0.6499999761581421,,
0.5279197096824646,1136,1136,,,,
,1136,1136,0.5613702535629272,0.6499999761581421,,
0.5277173519134521,1137,1137,,,,
,1137,1137,0.5611797571182251,0.6499999761581421,,
0.5275236964225769,1138,1138,,,,
,1138,1138,0.5609923005104065,0.6499999761581421,,
0.5273256897926331,1139,1139,,,,
,1139,1139,0.56080162525177,0.6499999761581421,,
0.5271110534667969,1140,1140,,,,
,1140,1140,0.5606229305267334,0.6499999761581421,,
0.5269144773483276,1141,1141,,,,
,1141,1141,0.5604243278503418,0.6499999761581421,,
0.5267078876495361,1142,1142,,,,
,1142,1142,0.5602253079414368,0.6499999761581421,,
0.5265156626701355,1143,1143,,,,
,1143,1143,0.5600497126579285,0.6499999761581421,,
0.5263140797615051,1144,1144,,,,
,1144,1144,0.559867799282074,0.6499999761581421,,
0.526110053062439,1145,1145,,,,
,1145,1145,0.5596535801887512,0.6499999761581421,,
0.5259174108505249,1146,1146,,,,
,1146,1146,0.5594745874404907,0.6499999761581421,,
0.5257108211517334,1147,1147,,,,
,1147,1147,0.5592807531356812,0.6499999761581421,,
0.5255123376846313,1148,1148,,,,
,1148,1148,0.559095561504364,0.6499999761581421,,
0.525312066078186,1149,1149,,,,
,1149,1149,0.5589123368263245,0.6499999761581421,,
0.5251006484031677,1150,1150,,,,
,1150,1150,0.5587261319160461,0.6499999761581421,,
0.5249009132385254,1151,1151,,,,
,1151,1151,0.5585229396820068,0.6499999761581421,,
0.5246965289115906,1152,1152,,,,
,1152,1152,0.5583315491676331,0.6499999761581421,,
0.5244901776313782,1153,1153,,,,
,1153,1153,0.5581511855125427,0.6499999761581421,,
0.5242928862571716,1154,1154,,,,
,1154,1154,0.5579548478126526,0.6499999761581421,,
0.5240938663482666,1155,1155,,,,
,1155,1155,0.5577657222747803,0.6499999761581421,,
0.5238943696022034,1156,1156,,,,
,1156,1156,0.5575745105743408,0.6499999761581421,,
0.5237006545066833,1157,1157,,,,
,1157,1157,0.5573808550834656,0.6499999761581421,,
0.5234783887863159,1158,1158,,,,
,1158,1158,0.5571763515472412,0.6499999761581421,,
0.5232785940170288,1159,1159,,,,
,1159,1159,0.5569969415664673,0.6499999761581421,,
0.5230735540390015,1160,1160,,,,
,1160,1160,0.5567945837974548,0.6499999761581421,,
0.5228656530380249,1161,1161,,,,
,1161,1161,0.5566057562828064,0.6499999761581421,,
0.5226762294769287,1162,1162,,,,
,1162,1162,0.5564123392105103,0.6600000262260437,,
0.5224474668502808,1163,1163,,,,
,1163,1163,0.5562304854393005,0.6600000262260437,,
0.5222486257553101,1164,1164,,,,
,1164,1164,0.5560383796691895,0.6600000262260437,,
0.5220615863800049,1165,1165,,,,
,1165,1165,0.5558491945266724,0.6600000262260437,,
0.5218432545661926,1166,1166,,,,
,1166,1166,0.5556550025939941,0.6600000262260437,,
0.5216348767280579,1167,1167,,,,
,1167,1167,0.5554454922676086,0.6600000262260437,,
0.5214300155639648,1168,1168,,,,
,1168,1168,0.5552476644515991,0.6600000262260437,,
0.5212299227714539,1169,1169,,,,
,1169,1169,0.5550504326820374,0.6600000262260437,,
0.5210164785385132,1170,1170,,,,
,1170,1170,0.554868757724762,0.6600000262260437,,
0.520790696144104,1171,1171,,,,
,1171,1171,0.5546486377716064,0.6600000262260437,,
0.520607054233551,1172,1172,,,,
,1172,1172,0.5544796586036682,0.6600000262260437,,
0.5203953385353088,1173,1173,,,,
,1173,1173,0.5542830228805542,0.6600000262260437,,
0.5201861262321472,1174,1174,,,,
,1174,1174,0.5540851354598999,0.6600000262260437,,
0.5199781656265259,1175,1175,,,,
,1175,1175,0.5538739562034607,0.6600000262260437,,
0.5197678208351135,1176,1176,,,,
,1176,1176,0.5536892414093018,0.6600000262260437,,
0.519557774066925,1177,1177,,,,
,1177,1177,0.5534906387329102,0.6600000262260437,,
0.5193314552307129,1178,1178,,,,
,1178,1178,0.5532758831977844,0.6600000262260437,,
0.5191162824630737,1179,1179,,,,
,1179,1179,0.55308997631073,0.6600000262260437,,
0.5189222693443298,1180,1180,,,,
,1180,1180,0.5528922080993652,0.6600000262260437,,
0.5187141299247742,1181,1181,,,,
,1181,1181,0.5526769757270813,0.6600000262260437,,
0.5184954404830933,1182,1182,,,,
,1182,1182,0.5524897575378418,0.6600000262260437,,
0.5182613730430603,1183,1183,,,,
,1183,1183,0.5522904992103577,0.6600000262260437,,
0.5180688500404358,1184,1184,,,,
,1184,1184,0.5520893335342407,0.6600000262260437,,
0.5178446769714355,1185,1185,,,,
,1185,1185,0.5518847703933716,0.6600000262260437,,
0.5176424384117126,1186,1186,,,,
,1186,1186,0.5516852736473083,0.6600000262260437,,
0.5174247026443481,1187,1187,,,,
,1187,1187,0.551480233669281,0.6600000262260437,,
0.5172087550163269,1188,1188,,,,
,1188,1188,0.5512740612030029,0.6600000262260437,,
0.5169938802719116,1189,1189,,,,
,1189,1189,0.5510764718055725,0.6600000262260437,,
0.5167748928070068,1190,1190,,,,
,1190,1190,0.5508655309677124,0.6600000262260437,,
0.5165475606918335,1191,1191,,,,
,1191,1191,0.5506700277328491,0.6600000262260437,,
0.5163377523422241,1192,1192,,,,
,1192,1192,0.5504653453826904,0.6600000262260437,,
0.5161182880401611,1193,1193,,,,
,1193,1193,0.5502569079399109,0.6600000262260437,,
0.515902042388916,1194,1194,,,,
,1194,1194,0.5500547289848328,0.6600000262260437,,
0.515679121017456,1195,1195,,,,
,1195,1195,0.5498455762863159,0.6600000262260437,,
0.5154605507850647,1196,1196,,,,
,1196,1196,0.5496385097503662,0.6600000262260437,,
0.5152427554130554,1197,1197,,,,
,1197,1197,0.5494410991668701,0.6600000262260437,,
0.5150201916694641,1198,1198,,,,
,1198,1198,0.5492309331893921,0.6600000262260437,,
0.514799177646637,1199,1199,,,,
,1199,1199,0.5490279793739319,0.6600000262260437,,
,1200,1200,0.5227007865905762,0.6899999976158142,,
,1200,1200,,,0.5610508918762207,0.5899999737739563
